Track Name,Artist Name,Genre,Year,Date Added,BPM,ENERGY,DANCEABILITY,dB,LIVENESS,VALENCE,DURATION,ACOUSTICNESS,SPEECHINESS,POPULARITY
Heat Waves,Glass Animals,gauze pop,2020,2021-05-27,81,53,76,-7,9,53,239,44,9,87
The Nights,Avicii,dance pop,2014,2018-10-14,126,84,53,-5,25,65,177,2,4,85
Rhinestone Eyes,Gorillaz,alternative hip hop,2010,2018-10-14,93,70,68,-6,5,85,200,9,3,80
Kids,MGMT,alternative dance,2007,2018-10-14,123,93,45,-4,36,17,303,0,7,77
Supermassive Black Hole,Muse,modern rock,2006,2018-10-14,120,92,67,-4,9,78,212,5,4,77
Oliver Twist,ArrDee,uk hip hop,2021,2021-10-04,140,81,73,-4,46,85,175,35,32,77
you should see me in a crown,Billie Eilish,electropop,2019,2018-10-14,150,53,68,-10,14,32,181,46,19,76
Song 2 - 2012 Remaster,Blur,alternative rock,1997,2018-10-14,130,79,67,-7,8,92,121,0,7,76
Location (feat. Burna Boy),Dave,uk hip hop,2019,2021-05-27,110,50,81,-6,10,55,241,27,30,76
seaside_demo,SEB,pop,2021,2021-10-04,95,82,71,-8,11,86,132,36,7,76
Blue World,Mac Miller,hip hop,2020,2021-05-27,85,55,74,-9,7,51,209,39,42,75
"Genius (feat. Sia, Diplo, and Labrinth)",Sia,australian dance,2019,2018-10-14,159,62,60,-5,12,56,214,8,17,74
Love Me Again,John Newman,pop,2013,2018-10-14,126,89,50,-5,10,21,240,0,4,74
On Top Of The World,Imagine Dragons,modern rock,2012,2018-10-14,100,92,63,-6,8,76,192,8,15,74
Human,The Killers,alternative rock,2008,2018-10-14,135,80,56,-8,9,58,245,0,6,74
Lifetime (with Ty Dolla $ign & 070 Shake),Swedish House Mafia,dance pop,2021,2021-10-04,100,72,59,-8,91,14,187,2,22,74
"Yo x Ti, Tu x Mi",ROSALÍA,r&b en espanol,2019,2019-09-22,92,76,78,-3,14,58,201,46,23,73
Feels Like Summer,Childish Gambino,atl hip hop,2018,2018-10-14,166,60,55,-8,8,25,297,16,13,72
Young Folks,Peter Bjorn and John,alternative dance,2006,2018-10-14,138,81,70,-6,11,66,277,2,4,72
Phone Numbers,Dominic Fike,alternative pop rock,2019,2019-09-22,85,54,88,-6,8,78,147,24,21,72
Me Gusta (with Cardi B & Myke Towers),Anitta,funk carioca,2020,2021-05-27,110,60,91,-4,9,81,181,45,8,71
Blue Monday,New Order,art rock,1987,2018-10-14,130,65,76,-13,11,94,449,0,7,70
Town Called Malice,The Jam,mod revival,1982,2020-02-12,102,91,54,-9,7,78,173,0,9,70
The Difference,Flume,australian dance,2020,2021-05-27,160,87,56,-1,8,42,140,26,9,70
Tribe (with J. Cole),Bas,hip hop,2018,2018-10-14,179,59,76,-6,11,24,238,24,22,69
Mercy,Duffy,british soul,2008,2018-10-14,130,86,79,-4,13,96,220,27,3,69
Is It True,Tame Impala,australian psych,2020,2021-05-27,118,66,73,-5,13,66,239,0,3,69
Baianá,Bakermat,deep euro house,2020,2021-05-27,122,72,59,-7,54,47,181,0,7,69
Followers,AREA21,edm,2021,2021-10-04,145,80,56,-4,30,35,177,16,4,69
My Type,Saint Motel,la indie,2014,2018-10-14,118,90,60,-3,7,57,205,6,5,68
Youth,Glass Animals,gauze pop,2016,2018-10-14,96,72,65,-8,11,79,231,13,3,68
Deal With It (feat. Kelis),Ashnikko,alt z,2021,2021-10-04,83,69,71,-5,66,49,191,14,13,68
My Number,Foals,alternative dance,2013,2018-10-14,128,72,64,-9,62,81,239,2,4,67
Inner Light,Elderbrook,house,2021,2021-10-04,121,71,65,-8,8,13,258,0,4,67
Tu nicht so,badmómzjay,frauenrap,2021,2021-10-04,155,56,83,-8,9,78,155,8,7,67
Princess Cuts (feat. Young T & Bugsey),Headie One,uk hip hop,2020,2021-10-04,101,60,58,-7,5,89,185,20,32,67
We Are One (Ole Ola) [The Official 2014 FIFA World Cup Song] (feat. Jennifer Lopez & Claudia Leitte),Pitbull,dance pop,2014,2021-10-09,125,94,59,-4,13,57,223,1,6,67
Supercut,Lorde,art pop,2017,2018-10-14,125,44,56,-10,8,15,278,22,5,66
Shelter,Porter Robinson,complextro,2016,2018-10-14,200,80,28,-4,18,26,219,0,6,66
Welcome To Jamrock,Damian Marley,reggae,2005,2018-10-14,77,66,84,-7,45,75,213,2,34,66
Window,Still Woozy,bedroom pop,2020,2021-05-27,91,48,71,-9,28,67,139,44,20,66
Omen - Radio Edit,Disclosure,house,2015,2018-10-14,106,79,67,-5,36,62,197,12,14,65
Way down We Go,KALEO,icelandic indie,2015,2018-10-14,82,58,59,-6,8,26,220,61,5,65
Big City Life,Mattafix,reggae fusion,2005,2018-10-14,174,62,69,-9,9,73,241,2,9,65
Feet Don't Fail Me Now,Joy Crookes,alternative r&b,2021,2021-10-04,113,84,66,-3,16,57,199,17,5,65
West Ten,AJ Tracey,grime,2020,2021-10-04,130,85,84,-4,11,85,214,33,6,65
Take Control,KREAM,dance pop,2021,2021-10-04,123,90,68,-6,9,48,168,1,9,65
Dimension (feat. Skepta & Rema),JAE5,birmingham grime,2021,2021-10-04,103,72,56,-6,18,17,234,17,7,65
Party Round My Place (feat. Avelino & Toddla T),Aitch,manchester hip hop,2021,2021-10-04,106,67,89,-7,7,88,231,7,27,65
Cocoon,Catfish and the Bottlemen,modern alternative rock,2014,2018-10-14,133,91,45,-4,8,33,237,0,7,64
Busy Earnin',Jungle,indie soul,2014,2018-10-14,100,88,55,-6,9,75,182,21,4,64
Mess Is Mine,Vance Joy,folk-pop,2014,2018-10-14,108,72,60,-8,10,27,224,5,3,64
Alive,Empire of the Sun,alternative dance,2013,2018-10-14,120,88,52,-3,7,40,205,11,4,64
Untouched,The Veronicas,australian pop,2007,2018-10-14,177,78,56,-5,15,44,255,2,23,64
Down By The River,Milky Chance,german pop,2013,2018-10-14,114,70,69,-8,11,46,241,75,5,64
Stop This Flame,Celeste,british soul,2020,2021-05-27,120,70,75,-5,10,32,209,30,4,64
A Teen,V.I.C,rap,2021,2021-10-04,124,54,91,-12,11,92,201,16,12,64
The Mission,Bakar,uk alternative hip hop,2021,2021-10-04,94,44,71,-7,10,39,191,19,8,64
Pondicherry,DJ Snake,dance pop,2021,2021-10-04,126,87,75,-6,23,83,202,0,11,64
Que Calor,Major Lazer,dance pop,2019,2021-10-04,126,89,80,-4,29,46,170,4,7,64
Wavin' Flag - Coca-Cola® Celebration Mix,K'NAAN,pop rap,2009,2021-10-09,152,77,58,-4,5,78,213,31,6,64
Jerk It Out,Caesars,swedish indie rock,2002,2018-10-14,134,98,58,-3,39,86,196,2,6,63
Played-A-Live (The Bongo Song),Safri Duo,eurodance,2001,2018-10-14,138,97,63,-10,34,20,406,2,6,63
Live in the Moment,Portugal. The Man,indie rock,2017,2018-10-14,128,58,55,-7,12,24,247,0,3,62
&Run,Sir Sly,electropop,2017,2018-10-14,92,66,76,-8,18,48,227,2,5,62
Call It What You Want,Foster The People,indietronica,2011,2018-10-14,113,97,64,-4,44,73,239,5,6,62
Punching In A Dream,The Naked And Famous,alternative dance,2010,2018-10-14,115,88,47,-4,14,16,238,0,5,62
Machu Picchu,The Strokes,alternative rock,2011,2018-10-14,105,82,70,-5,6,87,210,1,7,62
Say Hey (I Love You) (feat. Cherine Tanya Anderson),Michael Franti & Spearhead,pop rock,2008,2018-10-14,93,98,74,-4,18,96,236,4,9,62
We Got That Cool (feat. Afrojack & Icona Pop),Yves V,belgian edm,2019,2021-05-27,124,87,64,-5,21,61,213,0,4,62
Raging (feat. Kodaline),Kygo,edm,2016,2018-10-14,100,69,55,-8,21,41,224,5,9,61
Soy Yo,Bomba Estéreo,cumbia,2015,2018-10-14,117,58,89,-8,8,80,160,4,17,61
Crystals,Of Monsters and Men,folk-pop,2015,2018-10-14,132,75,58,-7,11,33,244,0,3,61
Nothing In My Way,Keane,neo mellow,2006,2018-10-14,172,85,40,-5,9,87,240,0,3,61
Já Sei Namorar - 2004 Digital Remaster,Tribalistas,bossa nova,2002,2018-10-14,146,84,67,-7,13,84,197,69,6,61
Trouble’s Coming,Royal Blood,alternative rock,2020,2021-05-27,112,69,78,-5,32,81,228,5,4,61
skeletons,easy life,leicester indie,2021,2021-10-04,115,73,78,-8,59,52,179,2,7,61
Get You Down,Sam Fender,modern alternative rock,2021,2021-10-04,158,97,39,-5,26,40,264,0,6,61
Rock & Roll Queen,The Subways,garage rock,2005,2021-10-09,141,76,40,-6,11,33,170,0,4,61
Munich,Editors,alternative dance,2005,2021-10-09,149,87,17,-4,32,39,226,0,5,61
Not In Love - Radio Version,Crystal Castles,alternative dance,2011,2018-10-14,136,98,48,-4,36,20,227,0,9,60
The Big Bang,Rock Mafia,pop,2010,2018-10-14,96,82,90,-3,18,89,160,12,3,60
Tighten Up,The Black Keys,alternative rock,2020,2018-10-14,109,71,52,-6,57,58,211,0,6,60
Daft Punk Is Playing at My House,LCD Soundsystem,alternative dance,2005,2018-10-14,136,91,92,-5,11,97,315,2,4,60
Bir Kadın Çizeceksin,maNga,turkish pop,2004,2018-10-14,122,93,70,-5,15,79,240,6,5,60
Fit but You Know It,The Streets,birmingham hip hop,2004,2018-10-14,172,84,68,-2,3,90,254,23,30,60
Walk,Kwabs,gauze pop,2014,2018-10-14,144,81,62,-4,22,58,214,17,7,60
Morrow,070 Shake,alternative r&b,2020,2021-05-27,100,67,74,-7,15,19,247,6,4,60
ErruDumEllaHvad,ICEKIID,danish hip hop,2020,2021-05-27,104,71,92,-6,28,73,149,28,26,60
Be Your Love,Bishop Briggs,indie poptimism,2016,2018-10-14,130,46,69,-8,72,14,194,27,3,59
ID - Ultra Music Festival Anthem,Kygo,edm,2015,2018-10-14,105,68,69,-8,10,34,290,62,4,59
Will Do,TV On The Radio,alternative dance,2011,2018-10-14,80,86,56,-3,7,42,225,1,4,59
Fuego,Bomba Estéreo,cumbia,2008,2018-10-14,100,83,77,-6,7,17,277,4,5,59
Ready For The Floor,Hot Chip,alternative dance,2008,2018-10-14,129,76,76,-5,7,94,234,1,4,59
Helicopter,Bloc Party,alternative dance,2005,2018-10-14,170,95,47,-4,41,41,220,0,13,59
Sell Out,Reel Big Fish,modern ska punk,1996,2018-10-14,105,87,56,-6,21,95,227,6,13,59
Beat 54 (All Good Now),Jungle,indie soul,2018,2018-10-14,106,70,65,-6,15,51,247,51,5,59
The Runner,Foals,alternative dance,2019,2019-09-22,104,95,51,-3,11,47,262,1,5,59
Ticket To Ride,KAWALA,indie anthem-folk,2020,2021-05-27,160,78,57,-6,31,75,182,28,8,59
Big Love (with EARTHGANG & MNDR),Louis The Child,edm,2020,2021-05-27,87,75,67,-3,17,37,167,0,11,59
Wrong Time,Hippie Sabotage,edm,2020,2021-05-27,82,65,60,-6,11,37,170,71,7,59
Bad To Me (feat. Grace Grundy),Hybrid Minds,drum and bass,2021,2021-10-04,87,93,37,-2,9,14,251,0,5,59
Tunnel,Polo & Pan,dark disco,2021,2021-10-04,120,51,73,-9,15,38,311,12,6,59
Apartment 402,girl in red,bedroom pop,2021,2021-10-04,125,44,44,-8,11,5,205,68,5,59
Yesterday,Loyle Carner,indie soul,2020,2021-10-04,92,98,43,-3,13,42,169,7,44,59
Glidin’ (feat. slowthai),Pa Salieu,afroswing,2021,2021-10-04,110,77,88,-4,15,94,198,17,30,59
Never Come Back,Caribou,alternative dance,2020,2021-10-04,128,68,78,-9,7,66,305,41,4,59
Never Enough,Rex Orange County,bedroom pop,2017,2018-10-14,159,89,51,-4,9,54,299,1,10,58
Shine A Light,BANNERS,indie poptimism,2015,2018-10-14,195,80,32,-4,13,10,225,4,5,58
Dreams,Beck,alternative rock,2017,2018-10-14,114,94,58,-6,8,80,314,0,4,58
I Can Change,LCD Soundsystem,alternative dance,2010,2018-10-14,117,73,64,-7,23,70,352,0,3,58
Always Where I Need To Be,The Kooks,brighton indie,2008,2018-10-14,168,96,33,-5,32,88,162,0,7,58
Goodbye Mr A,The Hoosiers,modern rock,2007,2018-10-14,186,84,47,-3,19,57,267,9,3,58
We Used To Be Friends,The Dandy Warhols,alternative rock,2003,2020-02-12,105,67,71,-5,31,59,200,0,3,58
Lift Me Up (feat. Carla Monroe),Oliver Heldens,dance pop,2019,2021-05-27,125,78,58,-5,32,56,177,4,7,58
Bubblin,Anderson .Paak,escape room,2018,2021-10-04,107,87,57,-5,37,55,209,7,27,58
What If I Go? (feat. Bonzai),Mura Masa,channel islands indie,2017,2021-10-04,200,53,56,-8,9,91,195,19,39,58
Habibi,Ghali,italian hip hop,2017,2018-10-14,112,71,65,-7,10,52,184,15,10,57
Slip Away,Perfume Genius,art pop,2017,2018-10-14,137,51,60,-7,6,57,165,37,3,57
Holding On,The War On Drugs,indie rock,2017,2018-10-14,150,94,44,-5,5,69,351,0,4,57
Send Them Off!,Bastille,metropopolis,2016,2018-10-14,100,81,61,-3,26,43,201,13,5,57
High And Low,Empire of the Sun,alternative dance,2016,2018-10-14,127,77,51,-5,9,32,225,2,5,57
Emergency,Icona Pop,candy pop,2015,2018-10-14,126,97,83,-3,6,93,170,6,6,57
It's Strange,Louis The Child,edm,2015,2018-10-14,86,49,84,-8,10,42,246,37,35,57
Are You What You Want to Be?,Foster The People,indietronica,2014,2018-10-14,126,82,60,-5,51,60,271,1,5,57
Purple Yellow Red and Blue,Portugal. The Man,indie rock,2013,2018-10-14,101,86,60,-6,14,43,250,4,4,57
Odessa,Caribou,alternative dance,2010,2018-10-14,118,90,69,-6,34,56,315,0,4,57
Cobrastyle,Teddybears,electronic rock,2004,2018-10-14,177,95,62,-2,16,79,180,33,19,57
19-2000 - Soulchild Remix,Gorillaz,alternative hip hop,2001,2018-10-14,102,90,67,-4,30,90,209,19,5,57
She Don't Dance,Everyone You Know,london indie,2019,2019-09-22,110,88,72,-5,54,10,227,2,6,57
Aicha,Outlandish,danish pop,2002,2020-02-12,87,64,75,-5,11,61,276,21,5,57
Love Is Religion (The Blessed Madonna Remix) [Mixed],Dua Lipa,dance pop,2020,2021-05-27,123,82,80,-7,37,87,209,5,11,57
Ay Caramba,Stay Flee Get Lizzy,nottingham hip hop,2018,2021-05-27,140,65,63,-4,8,53,212,4,20,57
Pop Boy (feat. Aitch),Stormzy,grime,2019,2021-05-27,110,80,88,-3,20,72,152,2,31,57
3AM,Baauer,bass trap,2018,2021-10-04,116,67,88,-9,6,24,192,9,22,57
Ordinary People (feat. JP Cooper),Bugzy Malone,grime,2018,2018-10-14,143,80,47,-7,9,41,270,24,27,56
pockets,easy life,leicester indie,2017,2018-10-14,93,60,63,-7,18,49,208,27,4,56
Deadcrush,alt-J,indie rock,2017,2018-10-14,143,62,65,-7,11,59,232,9,7,56
The System Only Dreams in Total Darkness,The National,indie rock,2017,2018-10-14,110,91,60,-7,58,37,237,16,21,56
Levanta e Anda,Emicida,afrofuturismo brasileiro,2013,2018-10-14,87,93,49,-4,45,82,150,9,33,56
No Problem,Chase & Status,dancefloor dnb,2011,2018-10-14,175,95,56,-6,5,51,251,0,9,56
I Can Talk,Two Door Cinema Club,alternative dance,2010,2018-10-14,163,75,47,-5,27,65,176,0,20,56
Up All Night,Beck,alternative rock,2017,2018-10-14,110,91,64,-5,24,64,190,0,6,56
RUNAWAY,half•alive,alt z,2019,2019-09-22,132,59,68,-6,6,60,162,0,5,56
Swing,Sofi Tukker,electropop,2019,2019-09-22,123,72,78,-5,11,28,180,1,11,56
Deixa A Vida Me Levar,Zeca Pagodinho,pagode,2002,2020-02-12,105,78,74,-10,18,90,278,59,23,56
Bury Me Alive,Oliver Tree,alternative hip hop,2020,2021-05-27,104,82,64,-6,20,64,164,1,17,56
Motion,Luke Hemmings,pop,2021,2021-10-04,131,87,50,-3,13,51,210,2,4,56
U KNOW ME,COBRAH,electropop,2019,2021-10-04,112,38,94,-9,8,16,175,3,29,56
Fallin' Apart,Young Franco,aussietronica,2020,2021-10-04,111,80,77,-8,67,81,124,5,32,56
Fear No Man,Little Simz,escape room,2021,2021-10-04,99,79,61,-7,19,89,244,61,7,56
Act Up,Terry Presume,indie hip hop,2021,2021-10-04,102,76,75,-6,11,78,185,30,11,56
Peach,BROODS,art pop,2019,2018-10-14,111,74,69,-5,26,25,255,1,4,55
Something For Your M.I.N.D.,Superorganism,art pop,2017,2018-10-14,140,54,70,-4,20,66,165,13,13,55
Are We Ready? (Wreck),Two Door Cinema Club,alternative dance,2016,2018-10-14,94,78,60,-6,35,73,231,0,3,55
We Come Running,Youngblood Hawke,indie poptimism,2013,2018-10-14,125,74,55,-7,12,35,248,0,4,55
Black & Gold - Radio Edit,Sam Sparro,australian dance,2008,2018-10-14,136,70,38,-6,11,42,212,0,8,55
Malemolencia,Céu,bossa nova,2005,2018-10-14,142,56,85,-10,9,64,175,25,5,55
Pogo,Digitalism,alternative dance,2007,2018-10-14,136,74,40,-5,53,39,226,0,4,55
Mas Que Nada - Radio Edit,Sérgio Mendes,bossa nova,2006,2018-10-14,100,87,76,-6,11,96,213,2,7,55
Take Your Mama,Scissor Sisters,dance pop,2004,2018-10-14,154,95,76,-5,5,92,272,20,11,55
Hit It,American Authors,indie poptimism,2014,2018-10-14,120,91,64,-4,51,75,207,0,9,55
Red Morning Light,Kings of Leon,modern rock,2003,2020-02-12,161,80,53,-5,33,88,179,8,4,55
Don't Turn Around,Biig Piig,indie r&b,2020,2021-05-27,97,72,78,-6,8,75,172,6,10,55
Scatter,Fireboy DML,afropop,2019,2021-05-27,120,80,73,-7,31,59,164,4,20,55
Beamer (Bad Boys),Rema,latin,2020,2021-05-27,129,65,66,-5,34,45,195,6,25,55
I Don't Wanna Talk (I Just Wanna Dance),Glass Animals,gauze pop,2021,2021-10-04,132,62,70,-6,30,81,195,2,4,55
Seguimos,Morad,drill espanol,2021,2021-10-04,90,62,68,-6,17,37,288,2,3,55
BUZZCUT (feat. Danny Brown),BROCKHAMPTON,boy band,2021,2021-10-04,92,76,72,-6,29,25,201,8,27,55
16 Years,The Griswolds,indie poptimism,2014,2018-10-14,170,84,55,-4,10,93,226,1,5,54
Love Natural,Crystal Fighters,alternative dance,2013,2018-10-14,133,79,65,-6,32,61,200,4,5,54
Dy-Na-Mi-Tee,Ms. Dynamite,uk garage,2002,2018-10-14,158,58,54,-9,9,60,217,11,6,54
Feel The Vibe,BJ The Chicago Kid,alternative r&b,2019,2019-09-22,87,80,63,-7,64,86,241,19,5,54
Angel,Loyle Carner,indie soul,2019,2019-09-22,97,60,80,-7,11,28,283,15,20,54
Same Old Story,Skepta,birmingham grime,2019,2019-09-22,135,71,88,-6,16,85,201,9,12,54
no14 - feat. Dani Faiv,tha Supreme,italian hip hop,2019,2021-05-27,90,69,62,-8,16,64,176,21,10,54
Talk About It,Jungle,indie soul,2021,2021-10-04,127,82,55,-4,43,59,204,6,3,54
Stinger,RL Grime,bass trap,2021,2021-10-04,147,99,50,-2,44,4,230,1,10,54
Pumpin Blood,NONONO,swedish alternative rock,2014,2021-10-09,119,85,62,-4,19,41,209,0,3,54
Big Dreams,Bakar,uk alternative hip hop,2018,2018-10-14,180,89,64,-6,7,53,153,0,8,53
Warm It Up,Logic,conscious hip hop,2018,2018-10-14,96,64,83,-6,9,43,240,26,9,53
Surprise Yourself,Jack Garratt,uk alternative pop,2016,2018-10-14,159,43,35,-12,14,9,261,26,8,53
When the Day Comes,Nico & Vinz,dance pop,2014,2018-10-14,120,65,71,-6,8,32,227,29,6,53
Magic,Olympic Ayres,gauze pop,2013,2018-10-14,117,93,62,-6,36,56,241,0,4,53
Sleep Alone,Two Door Cinema Club,alternative dance,2012,2018-10-14,148,76,52,-5,9,55,236,0,4,53
Gold Guns Girls,Metric,alternative dance,2009,2018-10-14,180,96,49,-5,8,82,245,0,6,53
1517,The Whitest Boy Alive,alternative dance,2009,2018-10-14,123,54,78,-8,10,96,221,32,4,53
On Our Way,The Royal Concept,indie poptimism,2013,2018-10-14,131,79,58,-6,18,35,194,1,9,53
Wild West,Dennis Lloyd,israeli pop,2019,2019-09-22,108,80,85,-5,9,56,164,4,4,53
Why Did You Run?,Judah & the Lion,banjo,2019,2019-09-22,206,74,38,-5,9,47,234,7,5,53
Aloha,Carlos Sadness,spanish indie pop,2019,2021-05-27,132,90,80,-6,11,60,187,10,10,53
Flex (feat. JB Scofield),JB Scofield,uk hip hop,2020,2021-05-27,148,54,89,-10,11,48,185,0,10,53
The Darkness That You Fear,The Chemical Brothers,alternative dance,2021,2021-10-04,128,81,55,-5,15,21,366,7,4,53
Deepest Red,Ralph Myerz And The Jack Herren Band,indie rock,2006,2018-10-14,140,99,61,-3,62,88,217,0,5,21
Make Way For The King,Ohana Bam,deep underground hip hop,2019,2021-10-04,160,89,64,-5,25,61,192,0,34,53
Run Wild - Original,Thutmose,underground hip hop,2018,2018-10-14,76,96,58,-3,63,58,159,1,13,52
Best Friend (feat. ALISA UENO),Sofi Tukker,electropop,2017,2018-10-14,102,70,70,-6,15,30,185,1,4,52
Dangerous,The xx,downtempo,2017,2018-10-14,120,71,78,-6,21,57,250,0,5,52
Postpone,Catfish and the Bottlemen,modern alternative rock,2016,2018-10-14,138,93,53,-4,32,31,246,0,6,52
Dreaming,Smallpools,electropop,2013,2018-10-14,119,88,62,-3,7,88,217,0,5,52
Paddling Out,Miike Snow,alternative dance,2012,2018-10-14,128,83,61,-4,19,36,223,1,4,52
International Love,Fidel Nadal,argentine reggae,2008,2018-10-14,176,70,70,-7,7,75,246,2,6,52
"Good to Be Home (feat. Tom Misch, Loyle Carner & Rebel Kleff)",Barney Artist,indie soul,2018,2018-10-14,96,69,89,-5,8,61,263,30,7,52
MICE,Aitch,manchester hip hop,2020,2021-05-27,106,54,84,-6,6,78,177,27,40,52
Switched Up,Oliver Malcolm,indie hip hop,2021,2021-05-27,110,70,67,-5,8,40,146,3,8,52
Like this,??? Park Hye Jin,korean dream pop,2020,2021-05-27,125,54,70,-11,8,18,246,16,4,52
Point Em Up,Kanine,bass house,2019,2021-05-27,175,96,64,-2,27,40,213,0,42,52
Say It (feat. LP Giobbi & Blush'ko),Choomba,australian house,2021,2021-10-04,126,74,64,-6,46,29,185,2,15,52
Landline,binki,indie r&b,2021,2021-10-04,157,93,51,-4,8,61,160,0,6,52
Mad,Hope Tala,alternative r&b,2021,2021-10-04,100,80,71,-8,9,81,228,41,7,52
In The Morning,Jay Prince,alternative r&b,2018,2021-10-04,100,91,76,-5,3,55,213,3,11,52
Breaking News (with RAYE),Louis The Child,edm,2018,2021-10-04,121,73,78,-6,24,42,213,1,27,52
Becoming Insane,Infected Mushroom,psychedelic trance,2007,2021-10-09,145,82,65,-6,20,62,440,0,6,52
Star Roving,Slowdive,alternative rock,2017,2018-10-14,144,93,33,-5,29,40,339,7,5,51
Conqueror,AURORA,art pop,2016,2018-10-14,184,56,47,-7,18,52,208,0,4,51
Sister of Pearl,Baio,nyc pop,2015,2018-10-14,125,65,73,-8,19,95,253,7,4,51
1977,Ana Tijoux,chilean indie,2010,2018-10-14,104,69,70,-7,10,58,202,0,4,51
L.S.F.,Kasabian,alternative rock,2004,2018-10-14,105,75,62,-7,26,40,197,1,4,51
The City,The 1975,modern alternative rock,2013,2018-10-14,95,96,48,-5,11,62,207,0,9,51
Hearts Like Ours,The Naked And Famous,alternative dance,2013,2018-10-14,178,70,38,-6,9,15,272,0,3,51
anthems,Charli XCX,art pop,2020,2021-05-27,150,87,64,-4,22,39,172,0,8,51
Broken Love,Quarantino,slap house,2020,2021-05-27,125,79,62,-6,6,37,157,5,5,51
I Want,ENNY,indie r&b,2021,2021-10-04,113,64,72,-10,15,75,202,4,28,51
Totally,Inhaler,dublin indie,2021,2021-10-04,97,72,62,-7,9,37,236,0,3,51
Bodyrock,Moby,downtempo,1999,2021-10-09,108,87,65,-8,49,35,216,0,5,51
It's Not This,Bearson,norwegian pop,2018,2018-10-14,78,41,83,-5,8,56,191,46,5,50
Sorcererz,Gorillaz,alternative hip hop,2018,2018-10-14,84,87,58,-7,13,82,180,2,4,50
La Ciudad,ODESZA,chillwave,2017,2018-10-14,108,84,66,-6,17,20,271,1,5,50
Found What I've Been Looking For,Tom Grennan,modern rock,2017,2018-10-14,107,83,63,-5,7,79,194,3,3,50
Yeah Yeah Yeah - Radio Edit,Jax Jones,dance pop,2015,2018-10-14,122,70,69,-5,16,71,220,11,3,50
Tiring Game,John Newman,neo soul,2015,2018-10-14,128,89,67,-5,14,40,204,0,5,50
Trip Switch,Nothing But Thieves,alternative pop rock,2015,2018-10-14,88,81,65,-4,9,77,181,2,7,50
stevie,Kasabian,alternative rock,2014,2018-10-14,132,86,55,-5,8,40,285,3,4,50
Around Town,The Kooks,brighton indie,2014,2018-10-14,107,93,58,-3,37,51,251,2,6,50
F For You,Disclosure,house,2013,2018-10-14,124,81,76,-7,11,25,269,1,7,50
Você Diz Que O Amor Não Dói,Marcelo D2,boom bap brasileiro,2013,2018-10-14,180,80,49,-7,58,77,172,4,37,50
Professional Griefers,deadmau5,canadian electronic,2012,2018-10-14,128,49,73,-6,25,64,246,0,7,50
Verstrahlt (feat. Yasha),Marteria,german hip hop,2010,2018-10-14,127,75,66,-6,12,42,234,28,19,50
Butterfly,Superbus,chanson,2006,2018-10-14,120,77,66,-6,12,26,233,4,3,50
Jungle - Radio Edit,Tash Sultana,australian reggae fusion,2016,2018-10-14,146,72,54,-6,9,53,237,18,3,50
Erase,Cautious Clay,alternative r&b,2019,2019-09-22,155,64,67,-9,14,47,144,37,5,50
Awa Ni,The Knocks,alternative dance,2019,2019-09-22,119,82,67,-6,33,43,220,4,13,50
Fado,Milky Chance,german pop,2019,2019-10-18,114,54,82,-7,10,59,250,20,7,50
Wish I Was Younger,Alfie Templeman,indie pop,2020,2021-05-27,139,88,68,-4,14,90,128,4,4,50
Good Girls,CHVRCHES,electropop,2021,2021-10-04,174,80,45,-6,22,32,199,0,6,50
Vibes on Tap,AC Slater,bass house,2020,2021-10-04,130,92,87,-5,34,67,252,0,5,50
Like a River Runs,Bleachers,double drumming,2015,2021-10-09,89,24,26,-11,19,14,238,84,4,50
Violet City,Mansionair,aussietronica,2019,2018-10-14,162,75,59,-8,21,37,214,6,3,49
Tom & Jerry,Ocean Wisdom,grime,2018,2018-10-14,99,65,63,-11,8,48,206,10,33,49
Play God,Sam Fender,modern alternative rock,2017,2018-10-14,94,68,70,-7,12,61,227,13,5,49
Sway,Tove Styrke,electropop,2018,2018-10-14,120,69,76,-5,27,53,211,21,4,49
Runnin',David Dallas,nz hip hop,2013,2018-10-14,148,84,73,-6,22,66,227,44,21,49
Lived a Lie,You Me At Six,modern alternative rock,2014,2018-10-14,134,89,47,-4,35,51,203,5,4,49
Escapee,Architecture In Helsinki,alternative dance,2011,2018-10-14,111,72,67,-4,24,67,178,4,3,49
El Micrófono,Mexican Institute Of Sound,latin alternative,2007,2018-10-14,114,67,79,-10,8,74,215,46,5,49
"Irish Blood, English Heart",Morrissey,britpop,2004,2018-10-14,140,81,58,-5,12,39,159,1,4,49
Offence,Little Simz,escape room,2019,2019-10-18,117,81,78,-5,33,58,169,7,9,49
Rise & Shine - CPF Remix,Artificial Intelligence,electronic,2005,2021-10-09,177,99,43,-6,50,22,415,0,8,3
Good Love 2.0,Priya Ragu,zurich indie,2020,2021-05-27,106,57,78,-5,40,52,174,5,8,49
Let's Get Down,Firebeatz,dutch edm,2020,2021-10-04,123,89,55,-6,9,53,193,1,4,49
You Shaped Hole,Baby Queen,indie pop,2021,2021-10-04,95,88,61,-4,28,83,179,16,5,49
Free My People (feat. Simmy & Kid Cruise),Greentea Peng,alternative r&b,2021,2021-10-04,108,42,84,-7,14,57,218,12,5,49
Out Of Lives (feat. Charlotte Haining),Ares Carter,uk dnb,2021,2021-10-04,124,82,71,-7,10,56,166,1,4,49
Love Me Again - Vice Remix,John Newman,pop,2016,2021-10-04,128,86,68,-5,21,48,299,0,4,49
Money Good,Megan Thee Stallion,houston rap,2019,2021-10-04,177,75,83,-5,15,81,198,2,43,49
On a Ragga Tip '97 - Original Mix,SL2,hardcore techno,1996,2021-10-09,140,94,54,-8,14,75,309,1,7,49
Drumming Song,Florence + The Machine,baroque pop,2009,2021-10-09,200,81,45,-5,10,49,224,0,4,49
Drown,Kovic,uk dance,2018,2018-10-14,116,88,71,-4,22,67,188,29,5,48
Painting (Masterpiece),Lewis Del Mar,indie poptimism,2016,2018-10-14,92,86,73,-5,6,71,243,28,7,48
Fool,BØRNS,modern alternative rock,2015,2018-10-14,125,80,68,-5,9,89,218,0,3,48
Young Dumb,NOISY,alternative,2021,2021-10-04,143,98,54,-2,6,59,205,1,14,45
Finale (feat. Nicholas Petricca),Madeon,complextro,2012,2018-10-14,92,86,42,-3,15,17,205,1,5,48
Nothing but You,Paul van Dyk,german techno,2015,2018-10-14,139,93,53,-7,23,5,418,0,4,48
Guten Tag,Wir Sind Helden,german indie,2003,2018-10-14,92,83,65,-5,10,96,216,1,5,48
Do You Remember The Times,ISLAND,modern alternative rock,2021,2021-10-04,138,95,57,-3,7,61,225,14,4,48
HICKORY DICKORY,CHIKA,alabama rap,2021,2021-10-04,103,60,74,-8,18,65,195,47,23,48
HyperParadise - Flume Remix (Ganz Flip),Hermitude,australian dance,2014,2021-10-04,143,81,49,-7,26,36,290,0,8,48
High Beams,Flume,australian dance,2019,2021-10-04,130,91,51,-5,76,52,204,4,38,48
Unorthodox (feat. Example) - Radio Edit,Wretch 32,grime,2011,2021-10-09,112,96,71,-4,22,53,184,1,4,48
Jackie Chan,Bantu,zimdancehall,2018,2018-10-14,108,54,96,-8,7,62,182,25,15,47
Water (with Mahalia),Kojey Radical,indie soul,2018,2018-10-14,140,57,68,-4,23,64,208,29,30,47
Energy,Avelino,grime,2017,2018-10-14,121,61,52,-9,8,72,192,3,32,47
Yo Voy Ganao,Systema Solar,champeta,2013,2018-10-14,124,95,71,-6,23,75,324,0,7,47
Shining,Neon Nights,dance,2021,2021-10-04,165,98,63,-4,12,38,148,11,32,30
Feeling Electric,Parade of Lights,hopebeat,2015,2018-10-14,97,83,45,-5,15,64,222,0,5,47
Crystal Express,Raury,psychedelic hip hop,2015,2018-10-14,120,94,76,-6,15,74,238,12,5,47
Cannonball,Skylar Grey,piano rock,2015,2018-10-14,103,80,58,-7,46,40,235,5,6,47
Can’t Keep Checking My Phone,Unknown Mortal Orchestra,chillwave,2015,2018-10-14,115,96,71,-3,25,88,256,5,5,47
Worship You,Vampire Weekend,baroque pop,2013,2018-10-14,149,92,47,-6,31,30,201,0,8,47
"Weight Of Living, Pt. II",Bastille,metropopolis,2013,2018-10-14,130,80,57,-5,10,42,175,2,5,47
Eure Mädchen,Kraftklub,german indie,2012,2018-10-14,163,94,48,-3,6,63,174,1,11,47
Flash Delirium,MGMT,alternative dance,2010,2018-10-14,122,80,57,-4,7,40,256,8,6,47
Moth's Wings,Passion Pit,alternative dance,2009,2018-10-14,121,73,51,-6,8,14,256,0,3,47
I Believe,Simian Mobile Disco,alternative dance,2007,2018-10-14,97,72,66,-5,7,78,199,0,19,47
Feels Just Like it Should,Jamiroquai,dance pop,2005,2018-10-14,174,95,62,-6,16,82,272,1,12,47
Lyla,Oasis,beatlesque,2005,2018-10-14,121,95,40,-2,14,31,310,0,5,47
In My Mind,Antiloop,bubblegum dance,1997,2018-10-14,141,98,57,-8,34,6,208,0,7,47
L.A.F,BROODS,art pop,2014,2018-10-14,88,79,58,-5,4,70,168,0,4,47
He,Jai Paul,escape room,2019,2019-09-22,95,44,74,-11,31,47,268,51,9,47
Stretch It,JB Scofield,uk hip hop,2019,2019-09-22,150,75,84,-7,16,61,189,18,35,47
Myxomatosis,Radiohead,alternative rock,2003,2020-02-12,99,82,50,-7,30,57,233,0,4,47
Hide U - 2021 Remaster,Kosheen,big beat,2001,2020-02-12,170,68,67,-5,11,36,252,1,6,47
Gouryella,Gouryella,bubble trance,2011,2020-02-12,138,96,56,-7,9,33,217,0,4,47
Never Win,Fischerspooner,alternative dance,2005,2020-04-03,112,54,80,-6,6,78,240,0,4,47
Does It Make You Feel Good?,Joesef,indie soul,2020,2021-05-27,120,73,63,-9,35,83,183,18,3,47
Poison,The Prodigy,big beat,1994,2021-05-27,104,95,56,-6,12,23,402,5,13,47
Can't Get Enough,Infadels,electronic ,2016,2018-10-14,126,98,59,-4,86,60,202,0,10,26
fuego (feat. GABIFUEGO) - Spotify Studio 100 Recording,Musti,norwegian indie,2021,2021-10-04,100,70,78,-7,15,63,164,0,9,47
SIREN,Shygirl,art pop,2021,2021-10-04,140,73,65,-8,11,11,236,0,4,47
Drama (feat. Big Data),NoMBe,electropop,2018,2018-10-14,99,78,64,-7,56,49,218,10,7,46
Standing In The Middle Of The Field,Cut Copy,alternative dance,2017,2018-10-14,115,85,71,-6,23,69,331,45,4,46
helpline (feat. Tom Tripp),Mura Masa,channel islands indie,2017,2018-10-14,95,74,63,-6,34,69,205,3,8,46
Back of the Car,RAC,alternative dance,2015,2018-10-14,132,83,60,-7,11,22,252,6,8,46
Kalemba (Wegue Wegue),Buraka Som Sistema,batida,2008,2018-10-14,140,82,82,-6,7,64,233,3,17,46
Fa-Fa-Fa,Datarock,alternative dance,2005,2018-10-14,135,90,72,-5,3,96,309,1,4,46
Black And White Town,Doves,alternative rock,2005,2018-10-14,172,85,31,-6,11,23,255,0,4,46
Surfing on a Rocket,Air,ambient pop,2004,2018-10-14,158,76,51,-8,35,53,223,0,3,46
It Makes You Forget (Itgehane),Peggy Gou,electra,2018,2018-10-14,125,92,80,-10,6,58,395,2,5,46
Last Night,Kamakaze,grime,2019,2019-09-22,134,83,79,-3,11,41,217,24,9,46
Big Girls,Masego,alternative r&b,2019,2019-09-22,114,46,82,-12,12,25,189,15,20,46
To Get Down - Radio Mix,Timo Maas,big beat,2002,2020-02-12,112,81,66,-8,10,71,213,0,5,46
Rapture (feat. Govana) - Remix,Koffee,dancehall,2019,2021-05-27,100,72,60,-8,18,38,184,6,39,46
Blessed,Saint Bodhi,alternative r&b,2020,2021-10-04,102,70,86,-4,9,70,164,7,12,46
Supercut - El-P Remix,Lorde,art pop,2018,2021-10-04,121,48,79,-9,12,21,212,4,4,46
TUNG TIED (feat. Rico Nasty),LoveLeo,modern indie pop,2021,2021-10-04,160,73,79,-6,13,72,128,13,28,46
Take a Ride (Original),The Individualists,shoegaze,2010,2018-10-14,150,98,60,-5,35,71,183,4,7,12
Demba,TSHA,uk house,2021,2021-10-04,128,64,72,-7,10,52,309,11,10,46
Heaven Only Knows,Bob Moses,canadian electronic,2018,2018-10-14,107,55,56,-6,32,8,262,0,3,45
Dagombas en Tamale,Residente,venezuelan hip hop,2017,2018-10-14,83,84,61,-5,69,73,236,0,19,45
Same Old Blues,Phantogram,chillwave,2016,2018-10-14,122,71,58,-3,31,23,211,7,3,45
Money,ZHU,edm,2016,2018-10-14,110,69,68,-8,19,13,307,4,5,45
Follow,Crystal Fighters,alternative dance,2010,2018-10-14,152,77,54,-6,6,62,196,44,7,45
Ghosts,The Presets,alternative dance,2012,2018-10-14,140,68,61,-9,24,55,209,15,4,45
Quesadilla,WALK THE MOON,dance pop,2012,2018-10-14,145,73,55,-6,8,64,195,0,6,45
Splitting The Atom,Massive Attack,big beat,2010,2018-10-14,100,36,72,-10,19,59,317,50,4,45
Êfemera,Tulipa Ruiz,brazilian indie,2010,2018-10-14,116,52,84,-9,10,94,225,75,3,45
Papua New Guinea,The Future Sound Of London,abstract,1991,2018-10-14,125,57,35,-15,14,43,405,0,4,45
Fast Fuse,Kasabian,alternative rock,2009,2018-10-14,175,99,36,-3,8,48,250,11,8,45
Vive la Vida - Remix,Gusanito,latin alternative,2006,2018-10-14,122,97,82,-5,10,92,212,21,8,37
That’s All It Is,The Snuts,modern alternative rock,2020,2021-05-27,103,97,66,-3,8,66,145,1,8,45
2X2,BEAM,trap soul,2019,2021-05-27,180,59,58,-6,14,20,184,3,36,45
My Block,Che Lingo,uk alternative hip hop,2020,2021-05-27,153,83,70,-4,10,43,221,4,11,45
ENERGY,Disclosure,house,2020,2021-05-27,127,97,71,-7,6,12,294,2,7,45
Little Man - Exemen Works,Sia,australian dance,2003,2021-05-27,130,62,79,-9,12,62,304,0,20,45
Only One Man (with Melody's Echo Chamber),Moodoïd,electro-pop francais,2021,2021-10-04,112,77,74,-7,7,76,191,1,3,45
From Extremely Far Away,Camp,pop,2006,2018-10-14,178,97,38,-6,10,76,181,0,5,22
Pushing Up,NSG,afro dancehall,2018,2021-10-04,136,56,64,-6,7,68,228,24,14,45
Busy Child,The Crystal Method,big beat,1997,2021-10-09,125,89,66,-7,23,68,445,2,4,45
Rockafeller Skank,Fatboy Slim,big beat,1998,2021-10-09,153,99,67,-7,36,7,414,1,26,45
O Yeah,End Of Fashion,australian alternative rock,2005,2021-10-09,160,89,40,-5,37,53,180,1,4,45
Children of the Sun (feat. John Martin),Tinie Tempah,dance pop,2013,2021-10-09,74,75,39,-6,37,31,232,5,9,45
Força,Nelly Furtado,canadian latin,2003,2021-10-09,123,85,65,-5,13,53,220,20,4,45
Love Ain't Enough,Jacob Banks,modern alternative rock,2018,2018-10-14,80,82,51,-5,12,63,173,6,16,44
Vowels,Capital Cities,metropopolis,2016,2018-10-14,111,72,66,-5,7,66,186,0,3,44
Jusfayu (feat. No Wyld),KAMAUU,alternative r&b,2016,2018-10-14,120,72,85,-6,26,63,208,6,16,44
Run,Tourist,chillwave,2016,2018-10-14,126,90,56,-5,10,12,360,57,6,44
24/7,NOISY,indie,2021,2021-10-04,180,95,37,-3,7,74,177,1,37,41
Smile,The Royal Concept,indie poptimism,2015,2018-10-14,200,64,39,-7,18,46,197,1,4,44
All Or Nothing (feat. Diplo & Bunji Garlin),Elliphant,electropop,2014,2018-10-14,80,73,58,-6,8,56,174,2,21,44
The Valleys,The Mountains,danish electropop,2014,2018-10-14,140,71,65,-7,51,86,219,60,3,44
Compliment Your Soul,Dan Croll,shimmer pop,2014,2018-10-14,83,88,24,-4,46,47,182,0,5,44
Circles,Digitalism,alternative dance,2011,2018-10-14,140,93,45,-4,9,31,228,0,31,44
Paper Romance,Groove Armada,big beat,2010,2018-10-14,123,71,57,-6,35,24,380,0,3,44
O.N.E.,Yeasayer,alternative dance,2010,2018-10-14,122,94,60,-7,36,42,321,0,5,44
Não É Proibido,Marisa Monte,bossa nova,2008,2018-10-14,126,71,66,-7,70,90,213,51,3,44
Two Months Off,Underworld,alternative dance,2002,2018-10-14,135,90,58,-9,2,67,549,0,6,44
Ratchet,Bloc Party,alternative dance,2013,2018-10-14,138,74,74,-6,8,86,198,1,17,44
Go Wild,Friedberg,austrian indie,2019,2019-09-22,91,87,68,-8,14,77,198,8,4,44
Beginning,LA Priest,alternative dance,2020,2021-05-27,110,51,90,-7,8,97,247,64,5,44
Don't Let The Light In,Low Island,oxford indie,2020,2021-05-27,125,70,76,-8,13,80,178,24,5,44
Sisyphus,Toothless,indie,2017,2018-10-14,170,95,46,-6,13,70,206,13,3,31
Eyes on the Prize,Che Lingo,uk alternative hip hop,2021,2021-10-04,127,98,68,-1,66,87,185,49,27,44
Love Love Love,My Morning Jacket,alternative rock,2021,2021-10-04,178,83,54,-6,11,54,222,2,11,44
I'm Not Sorry,The Pigeon Detectives,english indie rock,2007,2021-10-09,147,83,39,-4,29,38,222,0,4,44
Top of the World,Kimbra,bergen indie,2018,2018-10-14,150,76,62,-7,19,30,206,11,5,43
Feels Like Summer,Weezer,alternative rock,2017,2018-10-14,176,94,47,-2,83,70,195,1,11,43
Don't Stop Making It Happen,Grouplove,indie pop,2017,2018-10-14,98,66,65,-6,5,73,181,2,3,43
Anyway,Huntar,uk pop,2017,2018-10-14,102,60,58,-4,16,45,201,15,3,43
We Got U,Lemaitre,alternative dance,2016,2018-10-14,127,68,57,-4,13,44,210,2,3,43
Playsom,BaianaSystem,afrobeat brasileiro,2016,2018-10-14,128,82,91,-6,11,96,238,12,8,43
Gold,Years & Years,dance pop,2015,2018-10-14,128,71,55,-7,11,33,240,13,5,43
Get What You Want,Operator Please,indie,2008,2021-10-09,163,95,42,-4,15,66,229,0,9,16
Sunshine,Teddybears,electronic rock,2016,2018-10-14,116,94,46,-4,4,64,201,9,44,43
Pressure,Tensnake,alternative dance,2014,2018-10-14,122,73,83,-5,14,78,174,1,5,43
I'm with You,Grouplove,indie pop,2013,2018-10-14,140,81,50,-8,45,41,334,41,7,43
I'll Be Alright,Passion Pit,alternative dance,2012,2018-10-14,140,87,52,-5,23,52,262,0,6,43
Get Down,AMPLIFY DOT,hip hop,2013,2018-10-14,103,95,74,-4,80,72,188,1,19,0
Hits Me Like a Rock,CSS,alternative dance,2011,2018-10-14,95,76,56,-6,23,69,217,1,3,43
Bombay,El Guincho,musica canaria,2010,2018-10-14,107,89,74,-3,31,69,219,10,6,43
Fire With Fire,Scissor Sisters,dance pop,2010,2018-10-14,132,78,59,-5,12,32,253,2,3,43
You Are The One,Shiny Toy Guns,alternative dance,2006,2018-10-14,142,87,41,-3,42,18,271,0,4,43
Tell Her Tonight,Franz Ferdinand,alternative rock,2004,2018-10-14,124,59,53,-7,27,69,138,0,4,43
Lightning,Octavian,afroswing,2018,2018-10-14,130,53,71,-12,10,4,235,1,7,43
Porcelain,Skott,alt z,2016,2018-10-14,126,56,61,-7,12,23,241,40,6,43
Palm Trees,Lowell,canadian electropop,2014,2018-10-14,130,60,54,-7,10,29,270,39,3,43
Tonight,Magic Man,indie poptimism,2013,2018-10-14,164,92,51,-6,8,30,218,21,4,43
I Know It's You,Guards,indie,2013,2018-10-14,162,94,28,-7,35,5,300,20,17,33
TIME - Alison Wonderland x QUIX,Alison Wonderland,aussietronica,2019,2021-05-27,129,90,49,-6,35,15,213,10,6,43
"Again (feat. Ms Banks, Ms Dynamite & Jaykae)",CLIPZ,uk dnb,2020,2021-05-27,87,89,67,-5,29,79,148,0,35,43
BEN AFFLECK,seeyousoon,indie hip hop,2020,2021-10-04,140,82,72,-9,14,63,183,1,30,43
Summer Night (with Lola Marsh),Garden City Movement,israeli indie,2021,2021-10-04,110,78,80,-6,21,51,211,13,4,43
Tenfold,Harvey Causon,bristol indie,2021,2021-10-04,110,68,69,-8,10,29,207,1,5,43
Blue,Howl,rock,2016,2018-10-14,97,94,43,-5,31,45,201,1,5,30
Where & When,P Money,grime,2019,2021-10-04,140,81,91,-5,7,62,203,3,28,43
Boyz,M.I.A.,dance pop,2007,2021-10-09,133,86,63,-7,68,62,207,0,23,43
Active (feat. Giggs),Sneakbo,afroswing,2018,2018-10-14,128,55,60,-7,26,33,228,0,38,42
Isombard,Declan McKenna,indie pop,2016,2018-10-14,170,89,41,-8,36,36,221,0,4,42
Love Songs,Lola Coca,alternative dance,2015,2018-10-14,115,77,77,-3,9,53,221,19,16,42
Move,Saint Motel,la indie,2016,2018-10-14,101,82,64,-5,34,72,189,2,6,42
Everlasting,Polock,indie valenciana,2014,2018-10-14,112,83,65,-6,11,66,185,0,3,42
Water Fountain,Tune-Yards,art pop,2014,2018-10-14,110,61,82,-9,38,58,183,0,6,42
Colours - Captain Cuts Remix,Grouplove,indie pop,2011,2018-10-14,102,92,54,-5,21,59,272,1,14,42
Got It All (This Can't Be Living Now),Portugal. The Man,indie rock,2011,2018-10-14,151,92,43,-4,9,39,226,20,6,42
Flashbacks,Ram Di Dam,swedish indie rock,2009,2018-10-14,155,75,38,-6,13,90,156,2,6,42
La Luz del Ritmo,Los Fabulosos Cadillacs,argentine rock,2008,2018-10-14,148,90,66,-4,7,78,243,9,6,42
Lights & Music,Cut Copy,alternative dance,2008,2018-10-14,126,95,60,-4,79,57,277,7,4,42
Sewn,The Feeling,english indie rock,2006,2018-10-14,150,74,55,-5,9,23,356,16,4,42
My Friend Dario,Vitalic,alternative dance,2005,2018-10-14,133,97,60,-5,86,90,217,0,5,42
Flight 643 - Radio Edit,Tiësto,big room,2010,2018-10-14,137,93,61,-9,10,23,174,6,12,42
Tubthumping,Chumbawamba,anarcho-punk,1997,2018-10-14,207,88,32,-7,36,63,279,12,14,42
Sacrifice,Chløë Black,alt z,2020,2021-05-27,112,67,71,-6,54,54,175,13,5,42
Tap In,Saweetie,cali rap,2020,2021-05-27,100,70,95,-7,8,37,139,1,17,42
Watch Me,Statik Selektah,alternative hip hop,2020,2021-10-04,94,74,76,-4,8,55,169,4,18,42
Protocol,Society,,2015,2018-10-14,97,94,46,-4,36,41,246,0,4,28
Muzika Dlya Fil'ma,Persephone's Bees,indie,2006,2018-10-14,147,94,50,-4,27,70,344,1,6,28
U & Me (feat. Caitlyn Scarlett),84 Controller,indie electropop,2021,2021-10-04,124,83,63,-6,29,21,212,0,3,42
Mixer - Preditah Remix,Amber Mark,alternative r&b,2019,2021-10-04,125,77,84,-9,15,84,252,7,9,42
GoGo!,Baauer,bass trap,2016,2021-10-04,75,98,33,-6,27,36,194,1,35,42
Baobá,Caio Prado,pop lgbtq+ brasileira,2020,2021-10-04,114,62,49,-6,12,35,234,41,6,42
Get out While You Can,Duologue,indie,2012,2018-10-14,122,94,28,-5,36,33,259,0,11,27
Before The Morning Comes,sir Was,indie jazz,2021,2021-10-04,102,70,77,-10,18,70,213,4,5,42
Slam,Artificial Intelligence,electronic,2006,2021-10-09,87,94,62,-6,5,71,354,0,4,18
Variation,Big Zuu,grime,2021,2021-10-04,105,65,67,-8,11,20,209,2,30,42
Thinkin' of You,Bklava,ukg revival,2020,2021-10-04,133,78,76,-6,5,96,172,2,6,42
The Yeah Yeah Yeah Song,The Flaming Lips,alternative rock,2006,2021-10-09,108,89,64,-4,29,35,233,0,5,42
Queen Bee,The Beekeepers,electronic,2011,2021-10-09,120,94,83,-5,7,82,182,16,8,18
Chariots,Paper Route,christian rock,2016,2018-10-14,129,97,26,-5,12,46,277,0,14,41
Bye Bye,SAFIA,australian indie,2016,2018-10-14,124,81,70,-6,54,92,192,3,5,41
Pretend,Seinabo Sey,swedish electropop,2015,2018-10-14,100,83,68,-5,30,28,210,27,4,41
Crystal Ball,Death From Above 1979,alternative dance,2014,2018-10-14,148,95,42,-3,4,52,171,0,8,41
Come Alive (Shining),FMLYBND,metropopolis,2014,2018-10-14,115,86,53,-5,7,41,203,0,4,41
Wild,Royal Teeth,baton rouge indie,2013,2018-10-14,112,93,56,-6,11,77,274,0,5,41
I'm Not Gonna Teach Your Boyfriend How To Dance With You,Black Kids,alternative dance,2008,2018-10-14,125,93,48,-4,37,80,218,0,5,41
"I'm Good, I'm Gone",Lykke Li,art pop,2008,2018-10-14,120,91,84,-4,16,90,189,5,4,41
Victory,Soprano,francoton,2008,2018-10-14,120,73,69,-8,10,48,264,53,8,41
God Knows,Mando Diao,dalarna indie,2004,2018-10-14,79,80,38,-4,8,57,231,0,3,41
You Held the World in Your Arms,Idlewild,britpop,2002,2018-10-14,133,91,39,-3,11,38,202,0,6,41
All It Ever Was,Miami Horror,alternative dance,2015,2018-10-14,104,75,40,-5,38,8,342,16,3,41
Copy Of A,Nine Inch Nails,alternative metal,2013,2018-10-14,138,83,63,-6,22,69,323,2,4,41
Ozone,JyellowL,irish hip hop,2020,2019-09-22,125,73,82,-8,12,69,197,23,14,41
Passion - Dub Mix,Gearwhore,electronic,1998,2018-10-14,127,94,80,-8,6,60,431,0,6,1
Hearts Will Bleed,Janice,scandinavian r&b,2019,2019-09-22,96,56,73,-4,10,65,167,22,24,41
Machinist,CMD/CTRL,dance,2019,2021-10-04,100,94,65,-5,13,56,127,1,11,0
Sabor Tropical,Empresarios,latin,2011,2018-10-14,110,93,81,-6,8,67,212,30,5,24
Ballie,Idris Elba,uk tech house,2019,2021-05-27,124,96,73,-6,13,67,271,2,6,41
Island Life,Atomic Drum Assembly,indie,2018,2018-10-14,166,92,54,-5,32,33,205,0,4,41
Trepidation - Single Edit,Feiertag,african electronic,2021,2021-10-04,117,68,68,-8,50,53,184,17,4,41
City,The Medics,rock,2011,2018-10-14,145,92,48,-5,19,59,145,0,8,29
Brazilian Love Song,Keys N Krates,bass trap,2021,2021-10-04,127,73,72,-7,18,87,170,7,5,41
love gang (feat. Charli XCX),Whethan,edm,2017,2021-10-04,137,86,60,-3,36,63,179,12,8,41
Percussion Gun,White Rabbits,double drumming,2009,2021-10-09,103,88,53,-7,60,60,188,15,5,41
ELEPHANT,BLESSUS,electronic,2019,2021-05-27,122,92,73,-14,80,27,155,1,11,17
Nightlite,Bonobo,downtempo,2006,2021-10-09,79,59,55,-11,9,55,310,53,3,41
Tearing Me Up - RAC Mix,Bob Moses,canadian electronic,2016,2018-10-14,115,67,78,-8,9,36,328,3,5,40
Sto bene così,Rocco Hunt,italian hip hop,2016,2018-10-14,100,90,70,-3,34,17,197,1,4,40
Purple Light (feat. Doja Cat),Elliphant,electropop,2014,2018-10-14,128,81,67,-3,40,37,215,6,3,40
Tongues,Joywave,indie poptimism,2014,2018-10-14,118,69,83,-7,10,94,232,0,4,40
Little Games,The Colourist,indie poptimism,2013,2018-10-14,110,80,57,-5,19,63,162,0,4,40
Am Ende,OK KID,cologne indie,2013,2018-10-14,130,89,69,-7,9,28,214,0,7,40
Hail Bop,Django Django,alternative dance,2012,2018-10-14,124,75,62,-7,24,53,244,1,3,40
Rain Of Gold,Young Empires,canadian electropop,2013,2018-10-14,128,93,65,-3,10,91,196,17,4,40
Stargazer,Thievery Corporation,downtempo,2011,2018-10-14,88,85,78,-4,40,69,225,6,16,40
Zulu Screams (feat. Maleek Berry & Bibi Bourelly),GoldLink,alternative r&b,2019,2019-09-22,126,94,75,-6,13,70,178,17,18,40
Beautiful People,Andreya Triana,british soul,2018,2019-09-22,141,92,50,-4,3,97,149,7,11,40
Unity,Buju Banton,dancehall,2020,2021-05-27,132,82,50,-6,21,80,226,47,12,40
Apple Juice,Oscar Lang,bedroom pop,2020,2021-05-27,170,87,44,-6,12,71,198,0,5,40
What World (Radio Edit),Damien J. Carter,dance,2006,2020-04-03,127,92,63,-6,94,79,193,0,3,2
No Es Mi Culpa,Trooko,pop catracho,2020,2021-05-27,128,87,69,-6,8,24,293,2,4,40
SHADE,Zaia,atl hip hop,2020,2021-05-27,80,70,85,-8,11,73,186,2,18,40
Exit Sign,Kah-Lo,nigerian pop,2019,2021-05-27,125,88,79,-3,4,64,208,1,5,40
Do It 4 U,Machinedrum,bass music,2016,2021-10-04,176,81,63,-8,32,4,221,0,8,40
Dance the Night Away,DRS,drum and bass,2020,2021-10-04,117,76,50,-6,10,20,336,1,11,40
Ask Anyone,Lice,abstract hip hop,2021,2021-10-04,80,97,58,-5,28,93,206,2,34,40
Check The Pulse,Mr Jukes,british soul,2021,2021-10-04,102,79,89,-5,24,85,155,57,22,40
Glide,Hoodboi,future bass,2018,2021-10-04,115,56,73,-9,7,26,234,18,11,40
Space Jam,Louis The Child,edm,2018,2021-10-04,108,76,95,-6,65,9,187,2,27,40
Doorman,slowthai,hip hop,2018,2021-10-04,87,94,67,-4,16,25,184,26,29,40
City Looks Pretty,Courtney Barnett,australian indie,2018,2018-10-14,128,80,31,-7,11,17,282,1,4,39
Pa'lante,Lao Ra,colombian indie,2018,2018-10-14,103,83,60,-7,12,36,188,0,4,39
L'hiver indien - Radio édit,Baloji,belgian hip hop,2017,2018-10-14,125,67,74,-8,14,42,208,24,7,39
Slide To The Side,Beaty Heart,shimmer psych,2016,2018-10-14,97,58,72,-6,12,49,226,1,3,39
Shangri-La,Digitalism,alternative dance,2016,2018-10-14,169,64,52,-8,11,32,222,0,4,39
Play It Out,DMA'S,australian indie,2016,2018-10-14,73,97,32,-1,6,25,205,0,5,39
GET OVER IT,RAT BOY,english indie rock,2016,2018-10-14,122,90,64,-4,47,83,204,8,9,39
Who Are You?,Spring King,english indie rock,2016,2018-10-14,170,98,39,-4,24,83,196,0,5,39
Adrenaline,Zedd,complextro,2016,2018-10-14,128,99,66,-3,5,43,170,5,5,39
Uh la la,ChocQuibTown,colombian hip hop,2011,2018-10-14,130,87,76,-6,9,41,230,1,5,39
Imperium,Madeon,complextro,2014,2018-10-14,110,95,64,-2,21,50,199,0,8,39
Wild Heart,Saint Raymond,indie anthem-folk,2014,2018-10-14,110,88,71,-8,6,73,263,2,5,39
Here's To Us,Kevin Rudolf,dance pop,2013,2018-10-14,96,82,60,-6,8,56,238,11,3,39
Get Away With It,Animal Kingdom,english indie rock,2012,2018-10-14,136,86,51,-7,40,50,195,2,5,39
If So,Atlas Genius,indie poptimism,2013,2018-10-14,125,70,65,-5,32,65,180,0,3,39
Feud,Band of Horses,indie folk,2012,2018-10-14,149,71,47,-9,8,40,177,0,3,39
Wine It,Bluey,dance,2020,2021-10-04,123,91,65,-7,4,48,395,7,5,32
Let It Roll,Flo Rida,dance pop,2012,2018-10-14,127,92,70,-4,39,70,194,17,13,39
Shine the Light,Reverend And The Makers,britpop,2012,2018-10-14,106,95,51,-3,29,35,205,1,6,39
Where I'm Going,Cut Copy,alternative dance,2011,2018-10-14,121,87,30,-4,13,59,214,1,4,39
Up Up Up,GIVERS,lafayette indie,2011,2018-10-14,117,80,42,-7,27,29,274,0,10,39
La Cadena De Oro,Cabas,colombian pop,2005,2018-10-14,97,89,72,-3,52,93,224,12,9,39
Peligroso Pop,Plastilina Mosh,electro latino,2006,2018-10-14,135,90,70,-5,7,73,217,0,3,39
Come Down,APRE,english indie rock,2019,2019-09-22,176,85,45,-3,14,53,246,2,6,39
Tijuana Makes Me Happy,Nortec: Bostich + Fussible,mexican indie,2005,2020-04-03,120,46,88,-7,10,86,247,10,3,39
Manos Arriba,La Vida Bohème,caracas indie,2021,2021-05-27,133,83,69,-7,34,76,218,0,4,39
Bad Habits,Madame Gandhi,vapor soul,2018,2021-05-27,99,87,76,-4,5,59,227,0,5,39
Well Rested,Kero Kero Bonito,escape room,2021,2021-10-04,112,88,63,-7,70,29,431,0,5,39
Commandments,Kah-Lo,nigerian pop,2021,2021-10-04,121,57,84,-7,9,46,192,0,5,39
9 To 5,Lady Sovereign,rap,2006,2020-04-03,116,91,82,-2,3,87,212,7,16,31
Titans (feat. Sia & Labrinth) - Major Lazer VIP Remix,Major Lazer,dance pop,2021,2021-10-04,117,86,72,-6,8,19,191,6,16,39
Here 4 U - Alison Wonderland x BLESSUS,Alison Wonderland,aussietronica,2018,2021-10-04,160,70,55,-5,34,45,165,5,31,39
People Say,Don Diablo,dance pop,2018,2021-10-04,150,86,53,-3,21,40,189,20,24,39
Running Man - Main,Footsie,grime,2019,2021-10-04,127,48,85,-13,8,53,207,8,33,39
Interstellar,Louis The Child,edm,2018,2021-10-04,118,82,86,-7,38,27,230,13,7,39
Don't Stop,Innerpartysystem,electronic rock,2007,2021-10-09,76,78,45,-4,60,10,283,0,5,39
Strong Will Continue,"Nas & Damian ""Jr. Gong"" Marley",reggae fusion,2010,2021-10-09,202,77,58,-6,8,65,361,12,33,39
Gold Rush,Death Cab for Cutie,alternative rock,2018,2018-10-14,80,97,52,-4,29,74,240,27,5,38
Mountain at My Gates,Foals,alternative dance,2015,2018-10-14,104,93,50,-5,25,62,244,0,5,38
Lay it Right,Speelburg,modern alternative pop,2015,2018-10-14,116,70,74,-8,15,45,206,7,22,38
Down Town,De Staat,dutch indie,2013,2018-10-14,153,88,46,-6,79,79,188,0,9,38
Don't Forget Who You Are,Miles Kane,baroque pop,2013,2018-10-14,94,95,46,-2,9,39,205,0,4,38
Mechanical,Oliver,alternative dance,2013,2018-10-14,140,75,57,-6,36,56,226,0,3,38
Panda,Astro,chilean indie,2012,2018-10-14,116,86,61,-5,5,90,169,1,4,38
Goldrushed,The Royal Concept,indie poptimism,2021,2018-10-14,103,89,58,-6,12,40,227,0,4,38
Latino & Proud,DJ Raff,chilean indie,2006,2018-10-14,98,45,87,-7,31,97,220,11,29,38
Trick Pony,Charlotte Gainsbourg,art pop,2009,2018-10-14,95,86,69,-7,34,72,172,12,5,38
Sly,The Cat Empire,australian reggae fusion,2005,2018-10-14,169,67,56,-7,17,83,227,1,5,38
Augen auf!,OOMPH!,german metal,2006,2018-10-14,130,94,70,-3,7,67,201,0,4,38
Falcon Eye,Off Bloom,danish electropop,2017,2018-10-14,97,76,63,-4,10,14,234,1,4,38
Stay With Me,The Amazons,english indie rock,2017,2018-10-14,147,85,26,-3,8,46,195,0,5,38
Brasil,Sante Les Amis,uruguayan indie,2012,2018-10-14,135,82,63,-4,9,56,225,0,3,38
Miko,The Chain Gang Of 1974,chillwave,2014,2018-10-14,155,92,48,-6,12,62,182,0,7,38
Get Up,Giant Robot,indie,2004,2021-10-09,112,91,83,-6,9,89,232,13,13,14
Positive,Hot Chip,alternative dance,2019,2019-09-22,116,65,61,-10,6,9,338,1,4,38
01:32 AM / WALK ALONE,Everything Is Recorded,alternative r&b,2020,2021-05-27,111,50,91,-11,34,73,208,21,7,38
St. Lucia,Big Gigantic,edm,2020,2021-05-27,82,85,72,-4,7,76,219,3,7,38
Whiplash,FLOHIO,london rap,2021,2021-10-04,72,63,71,-7,20,23,170,1,23,38
No Advice,Skizzy Mars,indie pop rap,2019,2021-10-04,140,69,88,-4,11,67,158,58,9,38
Stand Up Tall,Dizzee Rascal,bassline,2004,2021-10-09,135,93,90,-5,31,75,190,2,21,38
Hit the Ground (Superman),The Big Pink,dance rock,2012,2021-10-09,164,87,49,-7,19,79,296,0,7,38
I'm A Drum-Machine - Radio Edit,Denzal Park,australian dance,2010,2021-10-09,128,98,78,-5,7,56,122,0,5,38
A cause des garçons,Yelle,alternative dance,2007,2021-10-09,126,46,81,-5,10,82,226,0,5,38
Another Level,Crystal Fighters,alternative dance,2018,2018-10-14,96,81,61,-7,71,81,186,1,10,37
Dub Reflex,Celt Islam,electronic,2011,2021-10-09,140,91,58,-7,46,33,302,0,4,14
Satisfied,SOULS,,2016,2018-10-14,115,90,72,-4,6,53,178,1,5,29
Onion Rings - VIP,Distortionz,,2002,2021-10-09,139,90,67,-9,24,82,351,0,5,13
Wages - PHRESSSH Mix,Bad Sounds,english indie rock,2017,2018-10-14,98,90,48,-3,22,67,175,0,4,37
Slow Burn (feat. Chuck Ellis),Durante,progressive house,2014,2018-10-14,118,85,75,-6,41,61,330,0,4,37
Give You Up (feat. Alex Clare),Rudimental,dance pop,2013,2018-10-14,82,65,32,-7,28,11,302,1,5,37
Just Keep Breathing,We The Kings,neon pop punk,2013,2018-10-14,120,73,64,-8,17,33,246,6,4,37
We Are Not Good People,Bloc Party,alternative dance,2012,2018-10-14,104,93,45,-3,38,36,200,0,5,37
Speed the Collapse,Metric,alternative dance,2012,2018-10-14,95,91,47,-5,9,59,223,1,4,37
Anne - Parker Remix,Malachai,,2011,2021-10-09,89,90,59,-6,32,75,243,1,5,13
Nothing To Worry About,Peter Bjorn and John,alternative dance,2009,2018-10-14,95,63,71,-7,6,59,177,19,13,37
I'll Come Find You,True Ripper,,2018,2018-10-14,128,90,79,-5,31,45,163,0,5,2
Train,Goldfrapp,alternative dance,2003,2018-10-14,130,71,63,-6,7,35,251,0,3,37
Fools Gold,The Stone Roses,britpop,2008,2018-10-14,113,92,70,-6,5,35,324,0,5,37
Oh My God!,Colouring,vapor pop,2019,2019-09-22,97,69,58,-6,41,58,211,44,16,37
Vámono,Buscabulla,latintronica,2019,2019-10-18,111,73,67,-8,8,34,208,11,3,37
BUYA,Domino Saints,puerto rican pop,2020,2021-05-27,119,66,60,-8,33,81,169,25,14,37
Good Times to Come,Dan D'Lion,uk pop,2021,2021-10-04,122,63,48,-8,6,52,185,0,6,37
Don't Just Sit There. Do Something.,Manga Saint Hilare,grime,2021,2021-10-04,140,82,43,-5,34,57,153,53,7,37
Workin',24kGoldn,cali rap,2019,2021-10-04,162,71,75,-3,40,56,133,1,34,37
Perfect,Sam i,afrofuturismo brasileiro,2019,2021-10-04,128,81,85,-2,34,91,207,10,7,37
RAW,San Holo,edm,2016,2021-10-04,90,86,66,-3,8,15,225,5,6,37
Keep Hope Alive,The Crystal Method,big beat,1997,2021-10-09,125,97,55,-9,9,35,373,0,6,37
Border Girl,Young Fathers,abstract hip hop,2018,2018-10-14,106,44,58,-8,12,45,241,46,18,36
"1,000 Opera Singers Working in Starbucks - Radio Edit",Voka Gentle,indie rock,2018,2018-10-14,144,81,33,-6,20,43,212,7,8,36
Heart Attack (feat. De La Soul),Oliver,alternative dance,2017,2018-10-14,100,86,83,-4,9,63,230,11,18,36
Throw It In The Fire,Phantoms,edm,2017,2018-10-14,120,71,87,-7,12,90,321,0,23,36
A Little Bit Of Fear,April Towers,nottingham indie,2015,2018-10-14,120,84,67,-8,10,66,228,0,5,36
One Great Song and I Could Change the World,Swim Deep,birmingham indie,2015,2018-10-14,99,85,51,-6,21,69,238,1,4,36
Push,A-Trak,canadian electronic,2014,2018-10-14,126,87,64,-3,9,45,214,0,5,36
Move with You,Jacob Banks,modern alternative rock,2014,2018-10-14,95,75,57,-6,24,43,189,0,6,36
Who We Are,Switchfoot,ccm,2013,2018-10-14,105,67,60,-6,8,47,204,1,3,36
Black White & Blue,Ladyhawke,alternative dance,2012,2018-10-14,115,82,51,-2,19,28,235,0,5,36
Switchblade Smiles,Kasabian,alternative rock,2011,2018-10-14,106,91,25,-7,16,26,254,5,22,36
Nightlight,Little Dragon,alternative dance,2011,2018-10-14,140,84,72,-6,18,97,205,1,4,36
Blackout,Linkin Park,alternative metal,2010,2018-10-14,135,92,54,-4,43,37,279,19,8,36
Record Collection,Mark Ronson,dance pop,2010,2018-10-14,118,88,76,-5,7,68,230,2,4,36
Dipso Calypso,Buscemi,belgian pop,2009,2018-10-14,110,79,74,-7,9,92,192,20,4,36
Gasoline,The Airborne Toxic Event,indie rock,2009,2018-10-14,108,96,47,-3,7,57,201,0,10,36
Contact,Kyo,chanson,2004,2018-10-14,89,86,52,-7,67,43,219,0,12,36
Tunnel Vision (feat. Some Kinda Wonderful),Dirty South,australian dance,2014,2018-10-14,98,79,55,-7,7,5,271,0,5,36
Here,Robert DeLong,indie poptimism,2013,2018-10-14,140,96,58,-4,65,19,249,2,9,36
The Cracks,Another Sky,english indie rock,2019,2019-09-22,110,72,52,-8,10,43,227,5,3,36
Rain Down on Me - Tiësto Remix,Kane,dutch pop,2004,2020-02-12,133,87,64,-8,4,30,420,0,3,36
We Interrupt This Program - Jean Claude Ades Remix,Coburn,,2005,2021-10-09,128,90,79,-8,13,42,475,0,9,0
I Wish,Travis Thompson,seattle hip hop,2019,2021-10-04,134,72,78,-6,14,50,151,7,11,36
Lights Go Down,Zeds Dead,brostep,2017,2021-10-04,170,92,59,-4,29,26,213,38,9,36
Stop the Rock,Apollo 440,big beat,1999,2021-10-09,150,99,60,-3,26,62,213,27,8,36
BirdFlu,M.I.A.,dance pop,2007,2021-10-09,114,86,78,-8,15,76,205,26,24,36
Be the One (with Kaskade),Cheat Codes,dance pop,2019,2021-10-09,126,76,75,-8,6,44,183,2,4,36
Chase Me,Hexstatic,big beat,2004,2021-10-09,107,88,68,-9,46,70,293,1,5,36
Out the Window,Confidence Man,australian electropop,2018,2018-10-14,105,77,64,-8,34,51,265,0,5,35
Where No One Knows Your Name,Stereo Honey,english indie rock,2017,2018-10-14,138,54,47,-8,13,11,241,33,4,35
King Ruby,IDER,uk alternative pop,2016,2018-10-14,103,67,71,-7,10,40,220,44,6,35
Rumbera,Systema Solar,champeta,2016,2018-10-14,115,84,79,-7,8,85,213,1,5,35
Stockholm,Atlas Genius,indie poptimism,2015,2018-10-14,125,75,57,-5,16,41,192,1,5,35
Tonight,Coasts,indie poptimism,2015,2018-10-14,128,89,39,-3,25,41,247,1,6,35
Paris,Magic Man,indie poptimism,2013,2018-10-14,179,87,48,-5,7,52,233,3,5,35
We Sink,CHVRCHES,electropop,2013,2018-10-14,125,81,61,-6,63,42,214,0,4,35
Can't Sleep - Radio Edit,Adrian Lux,edm,2012,2018-10-14,128,89,66,-6,8,29,191,0,6,35
Science of Fear,The Temper Trap,alternative dance,2009,2018-10-14,150,85,47,-7,35,20,260,0,4,35
Fever Fever,Melody Club,swedish alternative rock,2006,2018-10-14,110,92,69,-5,8,85,219,7,5,35
Automatic,Mondo Cozmo,alternative americana,2017,2018-10-14,120,95,48,-4,39,44,216,0,10,35
OMG,Sampa the Great,australian hip hop,2019,2019-09-22,127,89,90,-6,7,73,154,3,16,35
Eo,Café Tacvba,latin,2003,2020-02-12,183,99,50,-4,11,87,134,0,6,35
Cool Up,De Lux,la indie,2020,2021-05-27,142,91,58,-7,11,57,299,2,15,35
On Fire,Big Zuu,grime,2020,2021-05-27,155,82,71,-5,7,71,155,7,35,35
Hypnagogic (I Can't Wait),Love Regenerator,edm,2020,2021-05-27,140,95,53,-4,11,27,263,0,4,35
Step It Up (feat. Sharlene Hector) - Zach Witness Remix,Armand Van Helden,deep house,2021,2021-10-04,127,93,58,-2,6,43,356,1,6,35
Out with a Bang,NVDES,indie poptimism,2021,2021-10-04,120,93,65,-5,37,56,145,1,32,35
Just se,Yeboyah,finnish hip hop,2021,2021-10-04,100,57,81,-6,30,55,158,0,8,35
True Skool,Coldcut,big beat,2006,2021-10-09,105,84,67,-7,5,70,214,1,17,35
Confess To Me,Disclosure,house,2013,2021-10-09,124,79,56,-8,18,43,250,4,19,35
Everytime I Run,Husky Loops,english indie rock,2018,2018-10-14,81,54,42,-7,53,61,154,5,14,34
Faded Heart,BØRNS,modern alternative rock,2017,2018-10-14,140,92,51,-5,33,39,215,2,4,34
Let Me Know,No Wyld,,2015,2018-10-14,120,89,57,-4,12,11,252,11,11,47
Darkest Ocean,All Tvvins,irish pop,2016,2018-10-14,124,88,60,-4,36,22,222,0,5,34
Cumbia del Corazon,KINSKI GALLO,latin,2014,2018-10-14,94,94,68,-2,7,96,202,6,5,34
Life Happens,Ester Rada,israeli singer-songwriter,2014,2018-10-14,95,52,66,-8,59,35,236,6,3,34
Funky Futurista,Illya Kuryaki & The Valderramas,argentine indie,2012,2018-10-14,123,64,94,-4,26,80,234,1,28,34
Don't Say Nothing,The Heavy,bath indie,2012,2018-10-14,116,88,71,-6,9,64,216,0,5,34
Club Foot,Kasabian,alternative rock,2008,2018-10-14,102,91,43,-7,9,12,214,2,7,34
September,St. Lucia,alternative dance,2012,2018-10-14,120,62,73,-7,22,43,347,1,3,34
Hands,The Ting Tings,alternative dance,2010,2018-10-14,130,88,78,-4,13,80,200,3,3,34
Wonder,Dan Black,uk alternative pop,2009,2018-10-14,79,59,64,-7,8,44,221,0,4,34
El Tigeraso,Maluca,bmore,2009,2018-10-14,166,73,64,-7,34,54,168,2,12,34
Fly or Die,Rock Mafia,,2011,2018-10-14,140,88,60,-4,7,62,211,2,11,43
Moving,Macaco,latin alternative,2009,2018-10-14,150,75,78,-8,10,56,200,5,14,34
Open Your Window,Reverend And The Makers,britpop,2007,2018-10-14,101,85,58,-5,31,60,243,0,4,34
Don't Give Up,Noisettes,british soul,2007,2018-10-14,108,94,56,-2,7,66,151,12,27,34
Glu,Fieh,norwegian contemporary jazz,2019,2019-09-22,129,44,77,-8,11,67,237,5,19,34
Where Do I Begin,Kojey Radical,indie soul,2019,2019-09-22,91,70,76,-8,27,65,120,1,40,34
Save Me (with Tina Halladay of Sheer Mag),MNDR,electropop,2021,2019-09-22,119,90,69,-3,25,48,200,2,9,34
Favourites (feat. Little Simz),THE S.L.P.,escape room,2019,2019-09-22,102,90,67,-4,12,78,233,7,22,34
Before The Moment's Gone,Child Of The Parish,,2019,2019-09-22,100,88,51,-5,6,76,241,0,4,41
365,Apollo Brown,alternative hip hop,2019,2021-05-27,79,88,51,-7,14,59,274,9,39,34
Leaving,Bantu,zimdancehall,2020,2021-05-27,172,71,67,-7,30,52,158,2,4,34
STASIS,PAV4N,bass music,2021,2021-10-04,140,88,61,-5,10,26,163,7,10,34
Describe a Vibe,Jimothy Lacoste,uk alternative hip hop,2021,2021-10-04,126,66,87,-6,6,59,168,0,7,34
Pink Medicine,Bearson,norwegian pop,2016,2021-10-04,103,76,67,-7,18,17,233,8,3,34
Drop It (Donde Quieras),Myles Parrish,christian hip hop,2019,2021-10-04,102,80,91,-6,36,56,154,0,4,34
We Are Rockstars,"Does It Offend You, Yeah?",alternative dance,2008,2021-10-09,128,95,60,-3,25,39,232,0,4,34
Air War,Crystal Castles,alternative dance,2008,2021-10-09,120,81,80,-4,68,52,252,6,8,34
Tic Tac Toe,Django Django,alternative dance,2018,2018-10-14,133,92,51,-7,11,52,235,0,5,33
Ca Va Pas La Tête ?,Témé Tan,belgian pop,2017,2018-10-14,108,87,81,-5,7,88,181,27,4,33
Run,Tiggs Da Author,uk hip hop,2016,2018-10-14,166,71,59,-4,11,67,170,1,17,33
Agiborê (Fatboy Slim Presents MPB4),MPB4,bossa nova,2014,2018-10-14,125,91,77,-8,8,77,302,0,4,33
Míol Mór Mara,Outsider,,2017,2018-10-14,180,88,32,-7,28,38,226,0,6,34
Bring Night,Sia,australian dance,2010,2018-10-14,140,90,67,-4,7,50,178,1,8,33
Olympic Airways,Foals,alternative dance,2008,2018-10-14,139,87,60,-7,29,80,252,4,3,33
Gone up in Flames,Morning Runner,reading indie,2005,2018-10-14,175,92,29,-4,14,68,175,0,4,33
Brooklyn Is Burning,Head Automatica,emo,2004,2018-10-14,119,95,75,-4,13,59,235,1,8,33
Frens,Obongjayar,experimental r&b,2019,2019-09-22,116,80,76,-7,23,47,199,2,5,33
Funsize,Pixx,chamber psych,2019,2019-09-22,100,40,73,-10,12,15,235,10,4,33
Lightswitch,CHAII,persian electronic,2020,2021-05-27,124,71,84,-7,38,41,166,1,10,33
The Overload,Yard Act,chamber psych,2021,2021-10-04,145,95,65,-4,10,69,197,21,19,33
Body Pump (Sammy Virji Remix),Aluna,edm,2020,2021-10-04,130,91,92,-7,62,96,263,1,31,33
More Life,Odeal,nigerian pop,2020,2021-10-04,108,78,78,-5,7,96,176,30,6,33
Low Notes,Verb T,uk alternative hip hop,2020,2021-10-04,86,61,78,-8,10,51,185,25,26,33
Type Beat,P-Lo,asian american hip hop,2019,2021-10-04,99,43,95,-8,8,61,139,0,12,33
Astounded,Bran Van 3000,cymraeg,2001,2021-10-09,143,84,66,-5,11,70,357,4,7,33
Formed a Band,Art Brut,british indie rock,2020,2021-10-09,140,66,41,-13,10,70,178,0,4,33
March: Hills to Climb,Tim Myers,deep acoustic pop,2015,2021-10-09,114,67,47,-7,11,23,240,0,3,33
À cause des garçons - Riot in Belgium Remix,Yelle,alternative dance,2007,2021-10-09,126,65,74,-10,8,78,272,0,9,33
Deflect the Light,Vessels,electronic rock,2017,2018-10-14,132,91,56,-6,13,25,250,0,4,32
Electrify,Oliver,alternative dance,2016,2018-10-14,102,76,69,-4,24,35,217,0,6,32
Let Me Hear You (Scream),Paul Kalkbrenner,electronica,2016,2018-10-14,128,71,80,-10,28,89,228,0,9,32
She's Got Me Dancing,Tommy Sparks,,2009,2018-10-14,112,88,72,-5,11,78,209,0,4,34
Got That Fire (Oh La Ha),Featurecast,big beat,2012,2018-10-14,106,88,64,-5,20,52,222,0,4,32
Come into My Head,Kimbra,bergen indie,2011,2018-10-14,157,91,62,-4,33,76,277,0,14,32
G# - EP Version,Kitten,la indie,2012,2018-10-14,135,81,39,-4,14,30,285,0,4,32
Controller,Howl,rhode island indie,2010,2018-10-14,140,95,35,-4,15,45,199,0,6,32
Fot I Hose,Casiokids,bergen indie,2010,2018-10-14,128,87,62,-7,9,91,178,0,4,32
Runaway,Ladytron,alternative dance,2008,2018-10-14,115,75,57,-7,12,47,290,0,3,32
No Roots,Faithless,big beat,2004,2018-10-14,90,87,55,-7,45,27,324,0,5,32
11 Acre,Mondo Cozmo,alternative americana,2017,2018-10-14,126,97,47,-2,21,18,197,0,15,32
Now And Forever feat. Khan,Kaos,,2005,2018-10-14,125,88,72,-6,15,91,387,0,4,17
Live This Wild,Lil Mosey,melodic rap,2019,2021-05-27,94,67,72,-7,8,81,123,12,8,32
Cuss You Out,Reo Cragun,canadian hip hop,2020,2021-05-27,153,50,77,-8,7,57,141,5,37,32
Good Energy,Mike Sabath,,2020,2021-05-27,108,87,66,-5,15,40,220,1,5,44
Deleters - APRE Remix,Holy Fuck,electronic rock,2020,2021-10-04,122,47,71,-12,11,56,304,3,4,32
Stomper,Chris Lake,bass house,2015,2021-10-04,126,86,66,-6,18,32,213,0,6,32
Take It Back,Skizzy Mars,indie pop rap,2019,2021-10-04,182,53,81,-8,12,77,116,17,51,32
Guerreiro,Curumin,brazilian indie,2002,2021-10-09,94,88,77,-5,13,98,249,38,7,32
Car Song,Spank Rock,bmore,2011,2021-10-09,133,90,69,-3,26,63,229,0,3,32
Pick Up,Bonobo,downtempo,2003,2021-10-09,118,59,69,-8,12,73,249,8,6,32
The Beautiful Game,RAC,alternative dance,2017,2018-10-14,105,64,44,-7,10,45,273,37,4,31
Citizen X,Peel,,2020,2021-05-27,138,87,45,-5,15,9,199,0,3,32
New Rush,Gin Wigmore,auckland indie,2015,2018-10-14,133,94,72,-5,10,49,229,4,9,31
Makes a King,The Very Best,afropop,2015,2018-10-14,125,81,64,-9,9,41,274,2,5,31
Hino Vira-Lata,Emicida,afrofuturismo brasileiro,2013,2018-10-14,91,94,67,-4,22,93,193,5,7,31
See the Light,Foreign Beggars,brostep,2012,2018-10-14,140,93,51,-5,10,22,288,0,5,31
Searchin,Matisyahu,reggae fusion,2012,2018-10-14,95,74,60,-7,17,34,260,5,19,31
The World Is Yours,Glasvegas,scottish indie,2011,2018-10-14,132,89,35,-4,46,20,293,0,6,31
Ace of Hz,Ladytron,alternative dance,2011,2018-10-14,122,92,50,-4,22,38,217,2,3,31
The Core,Babamars,,2007,2018-10-14,178,87,56,-6,9,97,220,1,4,26
We Might Fall Apart,Disco Ensemble,finnish alternative rock,2005,2018-10-14,172,98,45,-5,7,58,269,1,9,31
Human,Carpark North,danish pop,2005,2018-10-14,152,95,70,-2,9,52,148,1,7,31
"Dear Scene, I Wish I Were Deaf",Nightmare Of You,emo,2005,2018-10-14,143,97,41,-3,17,62,202,2,9,31
Discotech,Young Love,electropowerpop,2007,2018-10-14,152,95,63,-4,11,80,234,0,8,31
That Great Love Sound,The Raveonettes,danish alternative rock,2003,2018-10-14,136,96,40,-4,17,62,196,0,6,31
Losing You - Baio Remix,Gizmo Varillas,tropical alternativo,2018,2018-10-14,118,93,73,-5,68,73,336,20,6,31
Super Critical,The Ting Tings,alternative dance,2014,2018-10-14,108,76,80,-7,13,58,212,0,10,31
White Picket Fences,Jump Jump Dance Dance,,2012,2018-10-14,145,87,39,-6,9,36,218,0,6,24
Borracho,Daddy's Groove,electro house,2020,2021-05-27,124,97,70,-3,15,74,186,2,6,31
Top Cat,Footsie,grime,2020,2021-05-27,140,92,85,-3,60,73,156,4,26,31
Dance Du Sol (Badapa),Niko The Kid,deep groove house,2020,2021-05-27,126,88,76,-7,22,45,179,3,17,31
Listen To Their No,Underworld,alternative dance,2019,2021-05-27,125,79,56,-13,15,24,344,0,4,31
Glowed Up,Bobbie Johnson,brighton indie,2021,2021-10-04,145,83,72,-3,12,82,203,10,12,31
Something's Got Me Started,Swingfly,swedish eurodance,2009,2021-10-09,92,94,64,-9,63,57,159,28,5,31
On My Mind (Preditah Vip Mix),Jorja Smith,pop,2017,2021-10-09,175,88,48,-5,4,79,195,8,23,31
Porro Maracatu - Toy Selectah Remix,LADAMA,nu-cumbia,2018,2018-10-14,115,87,78,-6,8,71,182,11,6,30
Explotar,Compass: Mexican Institute Of Sound + Toy Selectah,nu-cumbia,2016,2018-10-14,105,93,66,-5,27,53,233,2,18,30
"Color,Culture,Money,Beauty",Tigarah,,2007,2018-10-14,131,86,80,-5,8,95,248,14,5,12
Movin' up,X-Wife,portuguese rock,2015,2018-10-14,123,62,67,-7,9,76,221,1,4,30
Bliss Out,Hadouken!,dance-punk,2013,2018-10-14,140,80,28,-4,43,26,204,1,6,30
Oh Yeah,Gang Of Instrumentals,,2009,2021-10-09,158,86,70,-4,10,97,226,15,7,11
The Phoenix Alive,Monarchy,alternative dance,2011,2018-10-14,130,81,79,-4,22,80,284,17,3,30
Kids,Sleigh Bells,alternative dance,2010,2018-10-14,160,95,54,-5,35,58,166,2,26,30
It's What I Want,Röyksopp,alternative dance,2009,2018-10-14,126,94,69,-6,40,31,186,2,5,30
The End Where I Begin,The Script,celtic rock,2008,2018-10-14,110,62,30,-6,11,6,214,10,3,30
Keep Your Head,The Ting Tings,alternative dance,2008,2018-10-14,154,99,68,-2,10,96,202,1,4,30
Don't Let Go,Pacha Massive,electro jazz,2007,2018-10-14,106,69,84,-6,9,96,213,10,5,30
Chloroform,Belasco,oth indie,2006,2018-10-14,95,92,41,-4,12,29,189,0,7,30
Never Gonna Come Back Down,BT,edm,2010,2018-10-14,136,95,52,-5,70,54,348,0,15,30
Appeals,Bayonne,austindie,2016,2018-10-14,159,86,53,-7,28,61,250,17,3,30
Gute Laune feat. Tweed,Tosca,big beat,2003,2020-02-12,125,71,86,-8,5,83,297,21,5,30
Destroy Everything You Touch,Ladytron,alternative dance,2011,2020-04-03,120,78,53,-6,18,75,277,1,3,30
Break the Discoteka,Don Elektron,,2019,2021-10-04,103,86,82,-5,6,59,179,1,12,10
T.U.B.E.,Chinza Dopeness,,2013,2018-10-14,115,86,82,-5,48,89,296,2,10,0
Feels Like Summer,Public Order,,2021,2021-10-04,96,85,52,-5,23,28,166,4,4,42
Believer,Crush Club,,2021,2021-10-04,120,85,74,-6,7,87,192,0,5,36
Bomba,Deorro,dance pop,2017,2021-10-04,115,58,78,-6,37,69,193,3,18,30
Suzie,Boy Kill Boy,british indie rock,2006,2021-10-09,151,93,45,-4,31,44,200,0,11,30
Last Rhythm - Original Remastered Mix,Last Rhythm,italo house,2005,2021-10-09,126,90,71,-9,9,97,393,14,3,30
Musika,Yolanda Be Cool,australian dance,2018,2018-10-14,123,95,65,-6,54,65,211,0,5,29
Un Sueño (feat. Aloe Blacc),Ceci Bastida,deep latin alternative,2016,2018-10-14,130,93,77,-6,27,55,181,40,11,29
Work It Out,Nnena,,2020,2021-05-27,123,85,88,-6,6,85,159,3,32,34
Take a Chance,The Magic Numbers,,2006,2021-10-09,167,84,53,-5,30,70,212,9,4,41
Saturday,The Enemy,british indie rock,2012,2018-10-14,155,33,60,-8,35,65,192,9,69,29
Win,Koder,,2019,2021-05-27,132,84,92,-8,21,92,189,45,24,25
It Only Takes One Night,Dum Dum Girls,la indie,2010,2018-10-14,172,94,31,-3,53,53,122,0,4,29
Rules Don't Stop,We Are Scientists,alternative dance,2010,2018-10-14,135,90,53,-4,6,72,137,0,6,29
Saga,Basement Jaxx,alternative dance,2009,2018-10-14,160,83,68,-5,24,68,162,1,4,29
Off The Hook,CSS,alternative dance,2006,2018-10-14,135,69,68,-5,13,79,161,1,4,29
Ali in the Jungle - Orchestra Mix,The Hours,british indie rock,2010,2018-10-14,141,93,69,-4,4,86,283,22,5,29
Big day,Tahiti 80,rock independant francais,2005,2018-10-14,105,89,67,-4,12,66,196,7,4,29
The Power Is On,The Go! Team,alternative dance,2004,2018-10-14,102,98,54,-5,29,58,194,3,7,29
Gotta Reason,Hard-FI,britpop,2005,2018-10-14,151,95,51,-4,5,93,169,0,4,29
Strasbourg,The Rakes,alternative dance,2005,2018-10-14,92,96,54,-2,34,68,150,1,8,29
It's Only Us,Robbie Williams,dance pop,2010,2018-10-14,174,66,38,-7,11,19,172,3,13,29
Rhythm Bandits,Junior Senior,danish pop,2002,2020-02-12,177,99,47,-1,92,74,168,1,21,29
M.I.A.,Soaky Siren,bahamian pop,2020,2021-05-27,150,85,63,-4,8,42,189,0,9,29
Rude Boy Rock,Lionrock,big beat,1998,2021-10-09,135,93,90,-5,21,69,288,31,5,29
Ya Lo Saben,Crooked Stilo,chicano rap,2004,2021-10-09,120,74,93,-6,46,80,189,10,5,29
Ant Music,Hyper,big beat,2006,2021-10-09,156,90,59,-6,7,76,175,0,6,29
No Time 2 Love,Bungle,brazilian dnb,2006,2021-10-09,87,96,49,-4,5,68,380,0,6,29
Almighty Gosh,Lucius,indie folk,2016,2018-10-14,125,86,54,-6,7,27,215,0,4,28
Toma,WOST,,2019,2021-10-04,110,84,85,-5,4,59,178,1,16,10
El Bendito,La Yegros,chicha,2013,2018-10-14,98,84,72,-5,24,70,227,13,14,28
Hot,Los Rakas,oakland hip hop,2014,2018-10-14,100,84,75,-6,9,54,203,1,18,28
Big Mouth,Santigold,alternative dance,2012,2018-10-14,140,89,67,-6,10,34,191,8,10,28
Be Somebody,The Enemy,british indie rock,2009,2018-10-14,155,93,44,-4,12,72,185,0,4,28
Butter,The Bloody Beetroots,alternative dance,2009,2018-10-14,118,85,60,-6,50,26,274,0,15,28
Do Ya - 2007 Remastered Version,Dover,latin rock,2007,2018-10-14,132,84,56,-1,8,50,180,0,7,28
The Unshockable,Maximo Park,britpop,2007,2018-10-14,100,97,52,-3,12,65,196,0,5,28
Los AnGeles,Malibu Stacy,belgian indie,2007,2018-10-14,134,73,60,-3,40,35,196,25,3,28
Vipers,Dylan Fraser,,2020,2021-05-27,100,83,71,-4,14,61,199,22,7,41
Unemployed,Tierra Whack,alternative r&b,2019,2019-09-22,154,37,88,-7,11,15,169,3,78,28
Complicated - The Matrix Mix,Avril Lavigne,canadian pop,2010,2020-02-12,78,79,66,-4,8,44,242,7,4,28
Cuentale,Ivy Queen,latin,2005,2020-04-03,96,83,80,-5,12,53,202,1,5,28
Grasshopper,Tkay Maidza,australian hip hop,2020,2021-05-27,127,79,74,-4,63,33,183,1,9,28
Tijuana Bass,Nortec: Bostich + Fussible,mexican indie,2005,2021-10-09,111,91,82,-4,65,35,179,13,8,28
All + All Together,Kano,grime,2010,2021-10-09,155,70,50,-6,10,66,220,15,27,28
Top Boy,Eyez,grime,2018,2018-10-14,145,83,83,-7,11,72,161,9,26,27
Mean Demeanor,Run The Jewels,escape room,2017,2018-10-14,150,68,68,-8,30,52,181,0,6,27
Stare Into The Sun - Edit,Graffiti6,,2012,2018-10-14,127,83,63,-4,27,80,201,2,7,37
Mark IV (with Joshua Radin) (Fifa13),Joshua Radin,acoustic pop,2012,2018-10-14,170,65,35,-9,26,13,342,0,3,27
You're A Animal,Jonathan Boulet,australian indie,2012,2018-10-14,160,95,42,-5,28,23,206,0,17,27
Jungles,Stepdad,metropopolis,2011,2018-10-14,173,91,45,-6,14,56,282,3,7,27
Dospuntocero,Dapuntobeat,mexican indie,2010,2018-10-14,130,96,68,-5,38,84,219,1,3,27
Miss You,ADIAM,uppsala indie,2010,2018-10-14,78,97,46,-4,11,64,173,0,10,27
Jager Yoga,CSS,alternative dance,2008,2018-10-14,140,77,74,-3,17,94,229,0,3,27
Get On The Floor,Bitman & Roban,chilean rock,2006,2018-10-14,108,85,86,-8,22,88,207,52,6,27
You've Got to... - Norman Cook Mix,The Young Punx,big beat,2007,2018-10-14,164,59,80,-8,5,83,294,1,10,27
Follow My Ruin,Röyksopp,alternative dance,2005,2018-10-14,121,92,65,-7,11,97,232,5,3,27
Rock Your Body Rock,Ferry Corsten,dutch trance,2010,2018-10-14,132,70,57,-10,12,62,315,0,4,27
Tenshi,Gouryella,bubble trance,2000,2020-02-12,138,92,49,-9,24,27,228,0,5,27
Hip Hip Hooray,Sneaky Sound System,australian dance,2006,2020-04-03,123,77,84,-3,32,76,225,2,7,27
Fire,Onipa,afrobeat fusion,2020,2021-05-27,90,93,48,-5,11,73,309,13,5,27
Uno2Tres,Stylolive,moombahton,2021,2021-10-04,182,87,59,-4,7,84,208,0,6,27
Waves - Hex Cougar Remix,Luna Shadows,alt z,2019,2021-10-04,145,84,53,-4,17,26,218,1,8,27
Peixe Voador,Tagua Tagua,nova musica paulista,2019,2021-10-04,93,87,62,-6,37,58,199,8,3,27
Rock the Boat,SHY FX,bass house,2014,2021-10-09,180,98,51,0,24,55,233,7,6,27
No Return,Artificial Intelligence,deep dnb,2011,2021-10-09,175,97,55,-4,6,96,382,0,6,27
Samba De Flora,Airto,brazilian hip hop,1988,2021-10-09,135,72,59,-14,17,80,377,29,7,27
I'm Not Over,Carolina Liar,modern alternative rock,2008,2021-10-09,131,93,53,-1,6,50,202,0,8,27
Moving as One,LOYAL,brighton indie,2017,2018-10-14,114,84,71,-7,10,48,327,0,5,26
Boa Noite,Karol Conká,afrofuturismo brasileiro,2011,2018-10-14,101,80,51,-5,6,62,166,20,40,26
What Love,Jagwar Ma,australian indie,2013,2018-10-14,174,67,53,-8,21,20,233,0,3,26
Happy - Original Mix,Max Sedgley,,2004,2021-10-09,110,83,84,-4,8,95,326,19,15,21
Pleasure,FRMTN,,2016,2018-10-14,125,82,60,-8,16,59,253,1,6,29
Meine Stadt,Auletta,german alternative rock,2009,2018-10-14,108,84,59,-4,28,41,211,3,4,26
Head Straight,Alex Metric,uk dance,2009,2018-10-14,124,77,66,-5,30,53,265,0,8,26
It's Over! It's Over! It's Over!,The Answering Machine,british indie rock,2009,2018-10-14,168,97,41,-5,50,55,174,0,8,26
Give It Up,Datarock,alternative dance,2009,2018-10-14,140,97,66,-6,27,88,168,0,6,26
Not Thinking Straight,Pint Shot Riot,british indie rock,2011,2018-10-14,164,90,39,-5,14,65,142,0,7,26
I Will Wander,The Features,,2006,2021-10-09,105,82,56,-5,15,90,173,0,3,11
Silikon,Modeselektor,alternative dance,2005,2018-10-14,111,84,89,-8,6,97,226,8,11,26
Last Chance,Casper Caan,,2021,2021-10-04,120,81,64,-5,12,40,254,30,4,47
Jin Go Lo Ba,Fatboy Slim,big beat,2004,2021-10-09,127,91,68,-6,20,36,281,0,5,26
Fouo oh,Surchoc,zouglou,2017,2021-10-09,136,94,90,-5,10,83,284,26,12,26
Blood Fire,The Nextmen,british soul,2007,2021-10-09,95,69,90,-6,8,96,219,9,20,26
I Used to Dance with My Daddy,Datarock,alternative dance,2005,2021-10-09,110,67,73,-6,8,90,295,0,3,26
Wild Child - Radio Edit,Adrian Lux,edm,2013,2018-10-14,125,83,42,-5,29,21,162,0,3,25
Drownin',Tying Tiffany,electroclash,2011,2018-10-14,180,93,35,-5,8,56,209,0,5,25
In Search Of,Miike Snow,alternative dance,2009,2018-10-14,124,71,64,-6,26,32,316,0,24,25
Black Wax,Dananananaykroyd,double drumming,2009,2018-10-14,137,94,52,-4,17,37,243,11,13,25
Drive Me,Najwajean,spanish indie pop,2008,2018-10-14,124,64,75,-7,12,80,342,30,5,25
Were You Thinking of Me?,Yonderboi,electronica,2005,2018-10-14,115,67,75,-7,10,81,201,0,3,25
Oh My,Mellowdrone,la indie,2002,2018-10-14,132,85,66,-5,16,77,208,0,3,25
Tranqüilo,Marcelinho Da Lua,afrofuturismo brasileiro,2003,2018-10-14,170,95,66,-5,9,97,267,0,5,25
Seven Days a Week,The Sounds,metropopolis,2002,2018-10-14,151,94,44,-2,15,70,180,2,4,25
Pride - 2021 Remaster,Kosheen,big beat,2001,2018-10-14,85,94,42,-4,11,18,241,13,21,25
Chelsea,Stefy,candy pop,2007,2020-04-03,125,66,70,-4,6,72,172,0,3,25
AIN'T IT,Bree Runway,alternative r&b,2020,2021-05-27,107,72,79,-8,18,58,155,3,5,25
Only 4 Tha Real,Caleborate,bay area indie,2019,2021-05-27,166,45,61,-10,9,27,214,4,37,25
24,Jaewynn,trap queen,2020,2021-05-27,156,84,71,-5,20,49,164,0,27,25
Let Go,The Japanese Popstars,,2010,2018-10-14,128,81,73,-5,33,44,322,0,5,30
Fools Gold,Manga Saint Hilare,grime,2020,2021-05-27,134,67,75,-9,10,69,165,25,33,25
Primero,Niña Dioz,deep latin alternative,2020,2021-05-27,146,73,76,-5,6,91,178,8,4,25
Hold Your Colour - Live at Brixton Academy,Pendulum,australian dance,2009,2021-10-09,174,89,34,-6,97,6,434,0,7,25
Crocodile,Underworld,alternative dance,2007,2021-10-09,125,59,63,-13,30,40,391,0,8,25
Caminho,Rael,brazilian hip hop,2013,2021-10-09,109,83,62,-6,13,79,254,23,9,25
Get Lost,Washed Out,alternative dance,2017,2018-10-14,114,96,59,-4,82,70,245,3,6,24
I Trusted U,Balkan Beat Box,balkan beats,2016,2018-10-14,102,68,78,-5,7,78,223,1,21,24
La Campana (feat. Maluca),Alvin Risk,moombahton,2011,2018-10-14,126,96,74,-5,21,26,295,2,18,24
Rocksteady,Rox,,2010,2018-10-14,178,81,63,-4,35,86,210,3,13,15
W.A.R.R.I.O.R.,Ebony Bones!,indie electropop,2009,2018-10-14,135,95,68,-5,50,48,208,30,26,24
New York Minute,Mobile,,2006,2018-10-14,144,80,54,-4,8,56,216,0,5,20
Sampleame,The Pinker Tones,spanish rock,2010,2018-10-14,140,96,72,-6,28,83,217,17,9,24
Working Together,Chilly Gonzales,neo-classical,2008,2018-10-14,105,90,86,-6,35,96,200,46,13,24
True Stories,Datarock,alternative dance,2009,2018-10-14,137,87,68,-4,6,92,170,0,9,24
Solta O Frango,Bonde Do Role,brazilian electronic,2007,2018-10-14,128,72,85,-6,45,92,135,1,11,24
Toura Toura - The Nav Deep Remix,Cheb i Sabbah,world fusion,2006,2018-10-14,104,70,73,-11,54,80,279,4,5,24
Civil Sin,Boy Kill Boy,british indie rock,2006,2018-10-14,163,93,30,-3,27,36,234,0,6,24
Inno All Odio,Linea 77,funk metal,2009,2018-10-14,155,93,32,-5,44,52,261,0,6,24
"Promises, Promises",The Cooper Temple Clause,reading indie,2003,2018-10-14,141,94,46,-4,13,35,206,0,7,24
We Luv U,Grand Theft Audio,grunge pop,2000,2018-10-14,140,99,40,-6,24,23,205,0,8,24
GET UP,JIMMY EDGAR,bass music,2021,2021-05-27,140,53,87,-8,17,15,162,6,81,24
Broke,Birdman,dirty south rap,2019,2021-10-04,175,79,75,-5,6,56,181,4,31,24
Now Is the Time - The Olympic Mix,The Crystal Method,big beat,1996,2021-10-09,127,84,64,-12,19,41,449,44,5,24
Raincry - Spiritual Thirst,God Within,classic progressive house,2015,2021-10-09,128,82,70,-7,46,73,349,2,7,24
Baptised By Dub - Original Fire,The Criminal Minds,hardcore techno,1992,2021-10-09,146,98,76,-4,37,77,330,1,6,24
Never Gonna Stop The Show,General Midi,big beat,2002,2021-10-09,135,93,67,-6,12,82,229,2,20,24
Going Deaf,DJ Marky,brazilian dnb,2006,2021-10-09,175,100,47,-3,14,92,344,1,8,24
Yah!,Buraka Som Sistema,batida,2006,2021-10-09,130,79,88,-6,2,74,209,0,20,24
The Amazons (feat. Ze),Mustard Pimp,electro house,2011,2021-10-09,95,96,50,-3,8,61,239,0,4,24
Emorio,Sérgio Mendes,bossa nova,2010,2021-10-09,96,74,77,-7,6,75,229,12,22,24
Donna Famosa - (Con Skit),Fabri Fibra,italian hip hop,2009,2018-10-14,114,89,66,-6,90,64,261,18,29,23
Direct Hit,Art Brut,british indie rock,2007,2018-10-14,153,96,29,-2,73,39,210,7,10,23
All My Heroes Are Weirdos,!!!,alternative dance,2007,2018-10-14,122,99,51,-6,8,61,184,0,9,23
Kick This,Us3,electronica,2006,2018-10-14,98,88,80,-5,5,92,267,12,14,23
A Pain That I'm Used To - Jacques Lu Cont Remix,Depeche Mode,dance rock,2011,2020-04-03,131,66,76,-6,6,68,471,0,6,23
More,The Crystal Method,big beat,1996,2021-10-09,114,84,66,-11,13,48,360,0,5,23
Uprising,Artificial Intelligence,deep dnb,2004,2021-10-09,88,87,59,-5,9,49,399,0,5,23
Ya Viene El Sol,Ozomatli,latin alternative,2003,2021-10-09,101,95,67,-4,95,73,321,8,4,23
Made In Bahia,DJ Patife,brazilian dnb,2006,2021-10-09,172,66,76,-7,6,58,415,32,30,23
The Lesson,Camo & Krooked,austrian dnb,2011,2021-10-09,70,89,57,-3,9,55,208,2,6,23
Still Standing,Hilltop Hoods,australian hip hop,2009,2021-10-09,97,75,79,-5,24,79,209,34,15,23
MIA to LAS,Kaskade,edm,2013,2021-10-09,120,72,77,-8,6,16,212,0,9,23
Sweet Sipping Soda,Reptar,athens indie,2012,2018-10-14,146,90,39,-6,43,57,341,0,9,22
Energy,Spank Rock,bmore,2011,2018-10-14,117,96,68,-4,10,64,210,12,9,22
Hold The Line,Major Lazer,dance pop,2009,2018-10-14,156,83,67,-6,11,67,219,74,29,22
Out Of The Blue,Prides,,2015,2018-10-14,88,79,51,-6,35,56,222,0,3,43
Love Abuse,Lukas Kasha,oslo indie,2007,2018-10-14,155,85,51,-4,8,84,201,0,4,22
Bum Like You,Robyn,art pop,2005,2018-10-14,66,57,68,-7,5,65,208,1,22,22
Get Down,Carlos Jean,electro latino,2006,2018-10-14,120,82,80,-9,15,73,213,2,4,22
Cosmopolitan,Nine Black Alps,british alternative rock,2005,2018-10-14,178,96,34,-3,8,24,156,0,11,22
Corpo A Corpo,Subsonica,italian adult pop,2005,2018-10-14,104,94,67,-6,34,53,238,1,4,22
Sorte Grande,Ivete Sangalo,axe,2004,2018-10-14,142,79,73,-6,26,97,228,12,5,22
Miss Evening,Mañana,swiss alternative rock,2005,2018-10-14,78,69,35,-5,28,21,262,34,4,22
Independent,Sportfreunde Stiller,german indie,2002,2018-10-14,186,98,44,-4,40,40,178,5,10,22
The Function,Dai Burger,escape room,2019,2021-05-27,124,70,82,-7,10,82,181,45,31,22
Jungle Queen,LP Giobbi,edm,2019,2021-05-27,125,84,81,-5,10,31,173,0,10,22
Back to the Pump - Radio Edit,Benny Benassi,edm,2016,2021-10-04,128,87,57,-5,11,17,193,2,9,22
Dem Man Dere,D Double E,bassline,2018,2021-10-04,135,72,72,-8,34,49,229,11,46,22
Calorza?o,Heavy Baile,funk carioca,2019,2021-10-04,170,96,65,-1,15,83,152,2,12,22
Rudebwoy,DJ Marky,brazilian dnb,2004,2021-10-09,175,100,59,-4,57,97,291,0,10,22
Babylon Rising,DJ Fresh,dancefloor dnb,2006,2021-10-09,174,92,56,-5,17,31,355,1,14,22
Grip Like A Vice,The Go! Team,alternative dance,2007,2021-10-09,100,99,46,-3,79,60,241,0,6,22
Devil Is a Lady,The Chain Gang Of 1974,chillwave,2011,2021-10-09,117,75,74,-6,9,69,350,0,20,22
Uh Huh,RØMANS,uk pop,2015,2021-10-09,130,71,76,-7,11,45,245,3,3,22
Come on Feet,Pete And The Pirates,british indie rock,2008,2021-10-09,161,87,28,-4,3,47,159,0,4,22
To the Bright and Shining Sun,The Walls,irish rock,2005,2021-10-09,148,82,54,-5,8,64,216,7,3,22
Take It Easy (feat. U.S. Girls & Ledinsky),BC Unidos,art pop,2018,2018-10-14,115,86,48,-5,35,69,191,1,4,21
That Kind Of Man - (1.1),The Heavy,bath indie,2007,2018-10-14,90,92,53,-5,88,82,212,0,7,21
Etcetera,Steam Down,,2020,2021-05-27,97,79,69,-10,11,28,279,0,7,40
Stockholm,Atlas Genius,,2016,2018-10-14,144,79,56,-11,11,59,200,0,6,32
Be My Enemy,The Departure,northamptonshire indie,2005,2018-10-14,145,96,40,-3,5,32,205,3,15,21
Under Influence,Cassius,alternative dance,2002,2018-10-14,120,88,66,-7,6,54,314,1,28,21
Deela Ding,Leo Justi,funk carioca,2015,2018-10-14,128,89,66,-6,35,68,197,0,11,21
How We Do,NAYANA IZ,indie r&b,2019,2021-05-27,155,67,59,-6,8,64,175,6,41,21
We Are the Ones (Own the World),Charles William,,2014,2018-10-14,98,79,61,-7,14,77,188,1,3,19
I'm Just Raw - Reopened & Remixed,Lyrics Born,alternative hip hop,2006,2021-10-09,87,90,53,-4,73,57,232,2,24,21
Undercover,The Chain Gang Of 1974,chillwave,2011,2021-10-09,128,83,46,-5,28,34,269,4,4,21
What's Good,Foreign Beggars,brostep,2011,2021-10-09,140,78,76,-8,16,59,249,0,8,21
Caxambu,Karol Conká,afrofuturismo brasileiro,2013,2018-10-14,130,82,79,-8,14,4,175,21,6,20
Lambada Alucinada,Felipe Cordeiro,brazilian indie,2013,2018-10-14,134,92,67,-6,9,96,237,10,4,20
El Bombo (Toquemen El Bombo),ChocQuibTown,colombian hip hop,2010,2018-10-14,100,74,92,-7,10,84,214,22,7,20
Ramallah-Tel Aviv,Balkan Beat Box,balkan beats,2008,2018-10-14,110,80,88,-8,36,87,243,20,5,20
Download the Revolution,Rocky Dawuni,african reggae,2006,2018-10-14,138,60,81,-7,77,77,281,22,12,20
MVP Kompa (feat. Melky),Wyclef Jean,rap kreyol,2002,2018-10-14,103,91,73,-5,19,80,310,31,29,20
Bonafied Lovin' - Riot In Belgium Remix,Chromeo,alternative dance,2008,2018-10-14,125,59,81,-6,15,80,296,1,26,20
Me Gustan,Dj Bitman,chilean indie,2007,2018-10-14,110,89,77,-6,11,86,176,5,4,20
Out of Control (State of Emotion),Kenna,virginia hip hop,2007,2018-10-14,120,91,70,-3,33,64,242,0,7,20
Drama Queen,Switches,british indie rock,2007,2018-10-14,124,97,48,-4,16,38,177,0,8,20
KIDS,SAINTS OF VALORY,,2013,2021-10-09,127,77,24,-5,9,17,261,1,5,11
Soobax,K'NAAN,pop rap,2006,2018-10-14,106,92,83,-4,32,41,222,14,19,20
11.33,The Gift,portuguese rock,2004,2018-10-14,87,84,68,-6,7,76,237,10,10,20
Caionagandaia,Fernanda Porto,mpb,2006,2021-10-09,175,75,69,-6,6,79,414,3,6,20
Battle Royale,"Does It Offend You, Yeah?",alternative dance,2008,2021-10-09,125,90,82,-5,14,28,216,0,11,20
CTRL + ALT + DEL,Rêve,,2021,2021-10-04,120,76,78,-6,11,87,153,4,34,53
Two Step,Bear Mountain,shimmer pop,2013,2021-10-09,168,83,57,-6,9,59,227,0,4,20
Billy Club,Junkie XL,big beat,1998,2021-10-09,127,98,67,-4,23,63,249,2,10,20
Forro in the Dark,DJ Kaska,,2007,2021-10-09,122,76,78,-11,4,87,317,2,6,1
The City - Single Version,The 1975,modern alternative rock,2013,2018-10-14,95,95,46,-6,15,28,224,0,13,19
Paces,Aterciopelados,colombian rock,2006,2018-10-14,134,92,62,-5,8,68,278,10,5,19
More,The Tellers,belgian rock,2006,2018-10-14,103,60,78,-9,10,69,131,18,5,19
Potential Futures,Duels,british indie rock,2005,2018-10-14,135,90,37,-4,28,49,226,0,5,19
Your Music Is Killing Me,The Young Punx,,2007,2021-10-09,128,76,63,-7,20,72,369,0,7,1
Esto Es Lo QueHay,Los Amigos Invisibles,latin afrobeat,2002,2018-10-14,106,92,62,-5,52,85,379,64,5,19
Power to the Beats,Utah Saints,big beat,2000,2018-10-14,137,98,58,-5,30,62,280,0,7,19
Hmmm,TrueMendous,uk alternative hip hop,2020,2021-05-27,108,58,60,-11,14,65,201,2,36,19
Hey LightSkin (feat. Yella Beezy),LightSkinKeisha,pop r&b,2019,2021-10-04,95,87,92,-5,13,88,193,66,15,19
Coasting,Zdot,grime,2018,2021-10-04,81,65,56,-7,11,36,180,2,34,19
Chinese Burn - Lunatic Calm Mix,Curve,dream pop,2006,2021-10-09,132,96,55,-8,38,61,446,0,9,19
Gaviota,Jimmy Bosch,latin jazz,1998,2021-10-09,120,88,48,-5,13,78,280,51,5,19
Futurismo Y Tradición,Café Tacvba,latin,2001,2021-10-09,120,89,82,-7,12,24,314,2,10,19
Utopia (feat. Dominique Young Unique) - Vocal Edit,Bang La Decks,hip pop,2014,2018-10-14,127,94,76,-4,17,43,314,3,11,18
Soul Do Samba,Márcio Local,brazilian soul,2009,2018-10-14,94,83,66,-9,10,92,198,25,17,18
Modern Drummer,Ungdomskulen,bergen indie,2007,2018-10-14,134,86,27,-5,29,37,326,0,6,18
Into The Light,Heroes & Zeros,norwegian alternative rock,2007,2018-10-14,167,92,33,-6,28,35,228,0,4,18
The Other Way Round,Gabin,electro jazz,2011,2020-04-03,76,88,71,-8,26,94,249,28,6,18
Toothpaste,Wacotron,,2021,2021-10-04,120,75,84,-6,26,59,176,0,29,46
Sculptured (Used and Abused Radio Mix),Calanit,,2005,2020-04-03,130,75,65,-6,71,71,232,1,5,13
Un Canto a Mi Tierra - Cut Chemist Remix,Quantic and His Combo Barbaro,downtempo,2011,2021-10-09,112,83,79,-8,26,94,238,14,4,18
Badman Riddim (Jump) (feat. Foreign Beggars) - Extended,Vato Gonzalez,dutch house,2011,2021-10-09,129,74,82,-6,5,74,303,0,18,18
African Reggae Fever,Rocky Dawuni,african reggae,2010,2021-10-09,120,77,88,-6,10,92,270,46,8,18
Wild & Raw,Fedde Le Grand,dance pop,2009,2021-10-09,125,89,75,-8,8,42,291,4,6,18
Don't Believe the Hype,Boys Noize,alternative dance,2007,2021-10-09,123,78,55,-6,36,35,331,2,45,18
Watermelon,The Boxer Rebellion,indie rock,2005,2021-10-09,135,94,40,-5,69,22,207,0,8,18
Way of Life,Dave Clarke,acid house,2003,2021-10-09,137,81,77,-10,11,54,366,2,8,18
Beleza Beleza Beleza,Trio Mocoto,afrofuturismo brasileiro,2003,2018-10-14,100,81,76,-9,14,80,294,20,8,17
Lakeside,BLK JKS,south african alternative,2009,2018-10-14,140,93,40,-6,39,35,252,10,9,17
Kangpe (feat. Wesley Williams),Nneka,neo soul,2008,2018-10-14,148,76,91,-5,30,76,239,1,12,17
Like Tonight,Max & Simon,,2014,2021-10-09,134,75,61,-6,18,80,131,1,10,1
Cityzen Citysoy,Yerba Buena,cuban alternative,2005,2018-10-14,104,89,71,-7,13,96,305,1,4,17
Real Fonky Time,Dax Riders,filter house,2011,2020-02-12,109,69,90,-5,15,83,212,0,5,17
Who Asked You,Nia Wyn,,2020,2021-05-27,77,74,48,-8,24,76,223,36,35,41
Way Past Them,Ivan Ooze,australian hip hop,2018,2021-10-04,140,85,80,-8,4,66,184,1,37,17
Flo Fashion,Sway,grime,2006,2021-10-09,112,86,87,-7,7,72,218,1,22,17
Come Again (feat. Giggs),Swizz Beatz,battle rap,2018,2021-10-09,88,94,60,-3,20,37,180,4,22,17
Animal,HAERTS,electropop,2015,2021-10-09,135,75,62,-6,11,28,228,2,4,17
Lo Mejor Del Mundo,Señor Flavio,latin alternative,2008,2018-10-14,94,94,62,-6,13,94,140,12,4,16
Afrique,Tumi and the Volume,south african hip hop,2006,2018-10-14,152,76,51,-8,55,72,146,65,45,16
Endlich ein Grund zur Panik,Wir Sind Helden,german indie,2007,2018-10-14,157,94,52,-2,22,66,226,8,12,16
Dance in My Blood,"Men, Women & Children",dance rock,2006,2018-10-14,135,96,53,-3,31,57,258,0,21,16
A necessidade,José Nando,portuguese rock,2005,2018-10-14,128,80,66,-6,38,88,234,5,8,16
An Die Wand,Nachlader,elektropunk,2004,2018-10-14,132,68,71,-5,8,94,220,0,5,16
Tu Energia,MUSA,latin,2020,2021-05-27,134,84,78,-6,9,91,147,12,3,16
La Jefa,Nancy Sanchez,latinx alternative,2020,2021-05-27,130,84,80,-4,5,96,148,45,10,16
Music Money,Footsie,grime,2019,2021-10-04,105,91,47,-3,11,23,211,2,22,16
Hustle Hard,Yizzy,grime,2019,2021-10-04,77,72,74,-5,33,18,191,19,36,16
Champion,The Chevin,,2013,2018-10-14,143,74,38,-6,16,21,227,0,5,39
Whistleblower,Roni Size,big beat,2016,2021-10-09,174,91,56,-6,69,27,229,0,6,16
Funk Academy,DJ Fresh,dancefloor dnb,2006,2021-10-09,174,86,54,-4,13,51,331,0,7,16
Truth Is,Stealth,,2021,2018-10-14,98,73,61,-4,9,55,188,7,6,37
Blackbossa,Dj Bitman,chilean indie,2007,2018-10-14,98,67,68,-3,19,88,235,8,4,15
Snowflake,Malachai,,2010,2018-10-14,130,73,72,-4,12,79,211,13,3,31
Tell Me A Lie,The Fratellis,garage rock,2008,2018-10-14,126,88,51,-4,42,79,239,1,4,15
Muzzle #1,The Whip,alternative dance,2008,2018-10-14,128,84,61,-7,7,81,291,0,4,15
GASOLINE&MATCHES,STIJN,belgian rock,2007,2018-10-14,135,80,79,-7,11,75,230,0,5,15
Anaconda - Original Mix,Wolfgang Gartner,complextro,2013,2021-10-04,127,93,70,-4,9,22,344,0,9,15
Fancy Footwork - Zdar Dub / Pee Thugg Edit,Chromeo,alternative dance,2007,2021-10-09,130,51,79,-8,9,54,305,0,5,15
Nighty Night,Wagon Christ,ninja,2004,2021-10-09,127,85,73,-8,8,96,264,3,4,15
Mais Tarde,Aláfia,samba-rock,2013,2018-10-14,112,77,79,-7,5,93,203,19,9,14
Open Your Eyes - Extended Mix,Alex Metric,uk dance,2011,2018-10-14,126,98,54,-5,10,29,436,0,8,14
Hacen falta dos,Macaco,latin alternative,2009,2018-10-14,120,83,70,-6,94,63,234,7,13,14
Alocatel,Mexican Institute Of Sound,latin alternative,2009,2018-10-14,79,70,69,-7,13,90,220,18,5,14
Magrela Fever,Curumin,brazilian indie,2007,2018-10-14,152,61,38,-7,21,72,252,1,3,14
One Rhythm - Da Yard Riddim Mix feat. Vybz Kartel,Debi Nova,musica costarricense,2004,2018-10-14,93,56,87,-7,28,44,243,4,14,14
Juancho,Cabas,colombian pop,2002,2020-02-12,92,69,61,-7,15,96,214,0,4,14
Zona Oeste,Ruxell,brega funk,2017,2021-10-04,124,92,83,-3,10,53,220,7,8,14
Sunrise,Slaptop,,2014,2018-10-14,126,71,84,-6,10,74,215,2,7,48
Kick It Complex - Bassnectar Remix,Bassnectar,breakbeat,2007,2021-10-09,100,87,77,-6,39,41,253,0,22,14
Love The World - Original Mix,Karoshi Bros,,2007,2021-10-09,119,71,80,-8,9,69,235,2,4,7
Ya Mama (Push the Tempo) - Moguai Remix,Fatboy Slim,big beat,2001,2021-10-09,130,92,62,-5,9,7,367,0,8,14
Should I stay Or Should I Blow,The BPA,big beat,2009,2018-10-14,128,95,78,-5,14,88,149,14,5,13
Vibrations,Zap Mama,afropop,2009,2018-10-14,103,71,74,-8,9,48,207,9,20,13
Iê Mãe Jah,duSouto,brazilian indie,2006,2018-10-14,109,32,49,-12,29,9,228,9,11,13
Hot in the club,Wayne Marshall,reggae fusion,2003,2018-10-14,144,63,67,-9,3,96,239,7,35,13
GEAUX,MK xyz,,2021,2021-10-04,98,70,94,-6,19,78,127,37,9,30
The Force,TOKiMONSTA,chillwave,2013,2021-10-04,170,65,67,-10,37,43,196,23,34,13
Water,Naïka,,2020,2021-05-27,120,69,85,-6,9,95,113,6,7,49
Who's Your Love?,Orang Utan,,2021,2021-10-04,119,69,68,-6,18,74,161,3,16,42
Westbrook (feat. Adz),Cole LC,,2020,2021-10-04,94,69,59,-6,29,23,166,13,35,42
Talk Of the Town,Shay D,,2021,2021-10-04,140,68,80,-10,13,30,219,11,21,30
Wreckin' Bar (Ra Ra Ra),The Vaccines,indie rock,2011,2018-10-14,180,94,28,-3,27,77,82,0,6,12
Dope Style - Original Mix,Shimano,,2002,2021-10-09,138,67,75,-13,62,94,395,0,6,13
TMCR Grand Finale,The Pinker Tones,spanish rock,2011,2018-10-14,160,74,62,-6,39,85,267,19,4,12
La prima volta,F4,latin,2013,2018-10-14,180,94,45,-3,37,89,234,4,8,12
DesiRock,Swami,bhangra,2009,2018-10-14,145,92,76,-6,59,88,241,14,8,12
MIGHT DELETE LATER,LARRY PINK THE HUMAN,,2020,2021-05-27,121,66,66,-7,15,63,228,0,4,43
Redemption - Max Graham's Dead Sea Mix,Conjure One,new age,2002,2018-10-14,133,99,62,-6,12,41,674,0,5,12
Love Is On Our Side - Original Single Edit,Frank Popp Ensemble,dusseldorf indie,2003,2020-04-03,143,94,64,-4,61,96,195,1,4,12
Brainfreeze,XVOTO,,2021,2021-10-04,155,65,57,-7,54,24,257,2,6,39
Get the Strap,Trillary Banks,uk dancehall,2019,2021-10-04,110,47,88,-10,9,38,141,0,16,12
Holding the Moth - Oliver Hunteman Remix,Underworld,alternative dance,2007,2021-10-09,128,49,79,-13,9,39,518,3,7,12
Ones Who Fly Twos Who Die,Jonathan Boulet,australian indie,2009,2021-10-09,113,92,69,-7,9,73,212,54,8,12
The Instrumento,Dj Bitman,chilean indie,2009,2021-10-09,99,97,72,-4,32,97,186,19,4,12
Fragment Eight... The Sound of Swing (feat. The Hellerup Cool School Choir),Kenneth Bager,danish electronic,2016,2021-10-09,180,84,56,-6,43,71,204,3,6,12
The long face,Mínus,icelandic punk,2003,2021-10-09,173,88,28,-6,8,72,273,0,19,12
Le Territoire,Brazilian Girls,alternative dance,2006,2021-10-09,130,87,66,-6,23,74,297,1,4,12
Birthday Bash,Crookers,fidget house,2010,2018-10-14,94,83,76,-4,11,67,241,8,24,11
1ne,Caesar Palace,italian gothic,2008,2018-10-14,103,88,55,-6,28,25,216,0,5,11
Whatever You Want from Life,Voicst,dutch indie,2006,2018-10-14,154,96,46,-5,33,53,171,0,10,11
Se Despierta la Ciudad,Vicentico,argentine rock,2016,2020-02-12,135,90,69,-7,11,86,242,14,6,11
Vira a Cara,Leo Justi,funk carioca,2015,2021-10-04,113,68,81,-6,5,59,209,1,5,11
Diam Riddim,Leo Justi,funk carioca,2019,2021-10-04,146,70,89,-3,28,74,168,0,25,11
Pros Amigo,Leo Justi,funk carioca,2015,2021-10-04,130,77,73,-5,12,49,202,0,12,11
Proximo Riddim,Brazzabelle,funk carioca,2019,2021-10-04,128,76,80,-5,10,14,145,1,5,11
Feedback Welcome,Timo Maas,big beat,2005,2021-10-09,125,83,69,-10,10,9,464,0,14,11
Red Laser Beam,Hexstatic,big beat,2007,2021-10-09,117,83,60,-7,16,40,209,0,11,11
Tokyo Traffic,Hexstatic,big beat,2007,2021-10-09,126,92,58,-7,40,63,259,0,5,11
Guerreia,Don Elektron,,2019,2021-10-04,100,64,77,-8,8,70,134,8,35,12
Fragment 8 - The Sound of Swing,Kenneth Bager,danish electronic,2014,2021-10-09,180,82,54,-7,7,72,212,3,7,11
Warm Heart of Africa - Architecture In Helsinki Remix,The Very Best,afropop,2010,2021-10-09,115,90,77,-4,28,81,273,6,4,11
African Thriller,Rocky Dawuni,african reggae,2015,2021-10-09,100,71,87,-8,38,67,244,19,17,11
Wants U Back,Emma Warren,,2018,2018-10-14,130,63,68,-9,34,77,220,2,5,19
been a minute,Leyma,,2020,2021-05-27,108,62,68,-6,8,75,184,29,5,45
Stop & Panic,CIRRUS,big beat,1999,2020-02-12,132,97,59,-7,6,48,439,1,8,10
Walls,Slaptop,,2015,2018-10-14,124,62,83,-5,28,62,238,6,5,44
The World Is All There Is,Fool's Gold,,2010,2018-10-14,120,62,61,-7,8,46,408,11,3,6
The Feeling - Original Mix,Baobinga,breakbeat,2004,2021-10-09,137,97,67,-5,25,52,380,0,10,10
Defcom 69 - VIP,Total Science,drum and bass,2006,2021-10-09,88,93,63,-7,8,58,351,0,10,10
Fancy Footwork - D.I.M. Remix,Chromeo,alternative dance,2008,2021-10-09,130,66,72,-7,54,55,386,1,52,10
Restless - Original,Buraka Som Sistema,batida,2009,2021-10-09,130,97,74,-5,21,48,271,4,5,10
Brazil,Eric Bobo,boom bap,2011,2021-10-09,100,90,79,-5,12,94,197,38,6,10
Day,Jaga Jazzist,jazztronica,2003,2021-10-09,101,82,58,-7,15,80,188,1,4,10
Work Song - Thievery Corporation Remix,Ray Barretto,boogaloo,2006,2021-10-09,103,80,60,-11,28,75,248,43,3,10
Las Memorias Del Faro,Los Macuanos,deep latin alternative,2013,2018-10-14,122,93,59,-9,90,32,134,0,7,9
Samba em Pliet,Luciana Oliveira,brazilian,2013,2018-10-14,158,72,85,-7,7,97,154,84,8,9
The Whistling Song,The Pinker Tones,spanish rock,2008,2018-10-14,130,86,91,-6,8,100,234,25,4,9
Down in the Past - Moonbootica Remix,Mando Diao,dalarna indie,2006,2018-10-14,126,45,76,-9,6,93,363,0,7,9
On And On,Roni Size,big beat,2005,2021-10-09,180,95,48,-3,22,28,368,1,15,9
Atomizer - Pathaan's Dhol Mix,Midival Punditz,hindi indie,2009,2021-10-09,136,77,54,-13,9,75,372,4,4,9
Indigo,Yunus Güvenen,dance pop,2005,2021-10-09,95,67,65,-9,7,24,293,2,3,9
Can you touch me - Club Mix,D.J. Pierre,acid house,2009,2018-10-14,142,96,64,-9,35,55,349,6,3,8
Energy Flow - Original Radio Edit,Vitae,da,2001,2018-10-14,135,88,57,-9,9,63,218,0,4,8
Yo Quiero Beber,Young Ash,brega funk,2019,2021-10-04,123,89,80,-5,11,81,147,3,8,8
Wanna Be A Star,Walter Meego,alternative dance,2006,2021-10-09,130,82,72,-5,12,32,209,0,4,8
Yo - Speaker Junk's Jackin' Brazilian Rave Remix,Bassnectar,breakbeat,2007,2021-10-09,126,94,80,-5,7,70,399,6,16,8
Bomb the Blocks - Ghislain Poirier Remix,Bassnectar,breakbeat,2007,2021-10-09,190,87,68,-8,9,61,248,0,8,8
The Boola Shines In The Pink Neon Room,Mendetz,latin rock,2006,2021-10-09,130,91,60,-7,21,49,359,0,9,8
Around Us - Radio Edit,Jónsi,compositional ambient,2010,2018-10-14,140,74,43,-7,11,31,215,1,4,7
Bombeiro with Gilmar,Wax Poetic,nu jazz,2007,2021-10-09,79,89,75,-5,8,89,205,43,6,7
International Riche Afrique,Baaba Maal,afropop,2013,2021-10-09,118,93,65,-9,9,79,315,8,5,7
Consistent,No/Me,,2018,2018-10-14,76,61,53,-5,12,34,182,1,4,37
Do You Love Yourself?,The Glitterati,deep melodic hard rock,2005,2021-10-09,120,77,47,-6,13,50,185,0,3,7
Runaway,Andy Caldwell,deep house,2006,2021-10-09,123,80,69,-5,5,93,266,2,4,7
Blue Light,SUN SILVA,,2018,2018-10-14,147,61,51,-11,18,38,222,1,4,37
Sobremesa,Masrhón,dance pop,2004,2020-04-03,180,81,50,-8,11,52,303,0,8,6
Definition,Resin Dogs,australian underground hip hop,2007,2020-04-03,105,84,83,-5,9,88,224,32,30,6
Acredite ou Não,Joao Marcello Boscoli,brazilian indie,2003,2021-10-09,112,96,72,-5,16,81,241,13,6,6
Bust,Hexstatic,big beat,2007,2021-10-09,126,57,70,-10,4,96,226,0,6,6
Let's Go! - Vocal Mix,Drop The Lime,breakcore,2012,2021-10-09,128,97,59,-8,15,5,179,0,8,6
Chicachiquita,Thunderball,brazilian electronic,2016,2021-10-09,93,90,71,-9,13,90,207,21,4,6
Bundalelê da Verdade,João Nabuco,brazilian indie,2013,2018-10-14,123,91,53,-5,15,50,203,49,30,5
Let the Beats Roll (feat. Simon Franks) - Rennie Pilgrem Mix,Tim Deluxe,disco house,2007,2021-10-09,134,69,76,-6,20,43,437,0,10,5
Beaver,Holger,brazilian indie rock,2010,2021-10-09,127,71,35,-7,10,26,187,36,6,5
Get It Boy,The Magnificents,doo-wop,2007,2021-10-09,155,73,61,-6,29,57,202,0,4,5
Narama - Radio Edit,DT8 Project,progressive house,2006,2020-04-03,130,96,58,-5,28,66,202,0,4,4
Friday Night,Van Ness Wu,taiwan idol pop,2007,2020-04-03,180,94,62,-5,33,77,187,5,7,4
Come Let Me Know (feat. Rodney P),Freq Nasty,breakbeat,2003,2021-10-09,138,69,69,-10,6,70,285,5,23,4
Salsa Pico de Gallo,Uneaq,deep funk house,2006,2021-10-09,127,92,75,-8,8,78,401,1,4,4
Bigger And Better,Spotrunnaz,swedish underground rap,2002,2020-02-12,93,83,69,-5,19,66,255,7,36,3
Gotta Learn,Danmass,big beat,1999,2021-10-09,120,84,79,-6,41,69,301,0,6,3
MOVES,PAV4N,,2020,2021-10-04,102,61,59,-5,13,25,174,18,34,30
Ozonio,Dom Um And Jadir De Castro,brazilian,2010,2021-10-09,97,80,38,-11,14,88,179,1,5,3
Two Phish,Osunlade,afro house,2006,2021-10-09,120,98,70,-5,34,89,319,0,7,3
The Space Ahead,Zemaria,,2010,2018-10-14,123,60,73,-8,8,61,196,3,4,26
Run,Selasee Atiase,,2005,2018-10-14,84,60,53,-9,8,68,244,45,18,21
Blackout - Radio Edit,Daddy's Groove,electro house,2014,2021-10-04,128,96,52,-3,60,50,195,1,5,2
Mambo Mindoro - Hex Hector Remix,Cal Tjader,bossa nova,2006,2021-10-09,127,86,78,-12,13,93,408,6,8,2
Kiyakiya (Why Do You Run Away),Babatunde Olatunji,african percussion,1959,2018-10-14,125,65,68,-11,6,49,258,57,5,1
Highway,Suzi Wu,,2019,2019-09-22,110,56,81,-6,9,25,198,0,4,38
High Way,Shango SK,,2021,2021-10-04,130,54,62,-13,9,25,171,27,3,41
Shinjuku Drop,Taishan,,2002,2021-10-09,133,54,79,-12,9,34,452,0,5,16
The Hill,Hendrix Harris,,2021,2021-10-04,108,53,80,-8,17,23,162,10,7,43
The World Is Ours (feat. Monobloco),David Correy,pop r&b,2013,2018-10-14,128,85,69,-5,25,81,158,6,5,0
Roots,Aaron Aye,,2019,2021-10-09,73,53,75,-5,6,51,216,1,7,13
Past 2,Zemaria,,2012,2018-10-14,124,50,75,-6,7,77,219,0,4,26
Daylight (feat. De La Soul) - Troublemaker Remix,Matt and Kim,brooklyn indie,2009,2018-10-14,103,93,53,-3,35,29,266,5,6,0
Monster,The Automatic,welsh rock,2006,2018-10-14,141,90,54,-4,14,62,222,0,3,0
Clash,Junkie XL,big beat,2008,2018-10-14,130,75,62,-3,6,17,307,0,3,0
"Burn, Burn",lostprophets,alternative metal,2004,2018-10-14,164,97,38,-4,22,17,216,0,18,0
Das Glockenspiel,Oliver Rohrbeck,hoerspiel,1999,2018-10-14,137,89,73,-9,13,10,232,1,6,0
Joy !,Gay Dad,britpop,1999,2018-10-14,148,86,56,-6,36,74,300,0,4,0
La Razón del Equilibrio,Danay Suarez,rap,2019,2019-09-22,92,40,82,-10,19,34,231,18,4,0
Two Seater,Willow Kayne,,2021,2021-10-04,98,49,78,-9,13,54,147,19,19,42
Move Me,Mura Masa,channel islands indie,2018,2021-10-04,105,52,76,-9,10,52,203,15,10,0
Joy !,Gay Dad,britpop,2014,2021-10-09,148,86,56,-6,36,74,300,0,4,0
Booming Right At You,Junkie XL,big beat,2008,2021-10-09,120,98,74,-1,16,73,243,1,19,0
We Interrupt This Program (Interrupted Vocal Mix),Coburn,,2005,2021-10-09,128,46,74,-11,11,67,387,0,6,20
I Used To Dance With My Daddy - Subsource Remix,Datarock,alternative dance,2007,2021-10-09,119,86,73,-8,9,84,260,0,5,0
I'm a Drum Machine (Step Up) - Instrumental,Denzal Park,australian dance,2011,2021-10-09,128,86,80,-6,7,31,295,0,6,0
Go Hard - Radio Version,Fugative,dance pop,2011,2021-10-09,92,89,42,-6,32,50,209,1,29,0
Winner,Kid British,british indie rock,2010,2021-10-09,138,88,57,-4,24,88,173,1,3,0
Mad Pursuit,Junkie XL,big beat,2008,2021-10-09,120,61,73,-5,13,50,257,12,5,0
Casualty,Look See Proof,british indie rock,2008,2021-10-09,166,91,35,-5,25,62,209,0,5,0
Baby's Come Back,Span,norwegian rock,2004,2021-10-09,104,98,56,-4,21,51,183,0,9,0
Two Hoboes,Champion,uk funky,2004,2021-10-09,120,63,64,-12,11,50,211,1,5,0